stable_id,img,sha256
v4_lead_shonen_001,cast/v4/v4_lead_shonen_001.webp,59067af30623aa356b211ed17065f9acb08b5a0a067e2e153c83f9403f301522
v4_lead_shonen_002,cast/v4/v4_lead_shonen_002.webp,3470112dcf2b210c7b5f7000ec5c86cb44e882881f135cd56831812a5349f4f8
v4_lead_shonen_003,cast/v4/v4_lead_shonen_003.webp,f5950c8ac341fb73a593aac8ef527cdcee2cf9caffa11688eb9073d14458776c
v4_lead_shonen_004,cast/v4/v4_lead_shonen_004.webp,5ba431bbd2eeb3394b308d290a5dd993a27f21affe233cb9252897029b08af0e
v4_lead_shonen_005,cast/v4/v4_lead_shonen_005.webp,66c2058ac69702c9d700b2017bfe14191e06748b0d5d8285045eff0a0d68928e
v4_lead_shonen_006,cast/v4/v4_lead_shonen_006.webp,8a53b1bb0395061369aa6296c269196c2231f00f912f463c9f9e30f1786c177d
v4_lead_shonen_007,cast/v4/v4_lead_shonen_007.webp,2eb8ad8c889d4bf683372ab007ba08262080d2d866fd6b71b4aab52a876fdacf
v4_lead_shonen_008,cast/v4/v4_lead_shonen_008.webp,75661a74751eb618ca4338fec0b5da40e0570c9a5f3b3c5e38024a6e2c972f78
v4_lead_shonen_009,cast/v4/v4_lead_shonen_009.webp,9f09209d5a2f55d3970b4d8417416a865e90ac617aae05ebd3933712e5704902
v4_lead_shonen_010,cast/v4/v4_lead_shonen_010.webp,e7b63ef7be8d659fc4c3a5a96c1737c94f831b250339f379d3c433832d3d6630
v4_lead_shonen_011,cast/v4/v4_lead_shonen_011.webp,3c3c30b0b8cd17eae8b750601be925c608fb724040ad10dfe7d9144763f44149
v4_lead_shonen_012,cast/v4/v4_lead_shonen_012.webp,2021ad288df3947a7c167d4cc56cab387c6cf4fbf8adb0ae474529e5b6452973
v4_lead_shonen_013,cast/v4/v4_lead_shonen_013.webp,f6212ce3b0c40e4776b5b82316738f83524f7a86e6397815427dc73074b111e2
v4_lead_shonen_014,cast/v4/v4_lead_shonen_014.webp,7a0455f0693198882015ee6aed825e722b8baecc435bca30ad62350f12a7f8d7
v4_lead_shonen_015,cast/v4/v4_lead_shonen_015.webp,214499e52d9a3a834235fb28e1cf16b7bfe53da4f7e39e32ccee109e2fc82809
v4_lead_shonen_016,cast/v4/v4_lead_shonen_016.webp,ce59a36367c8ccf197172653dee8673ad1812fe9ae850eec66df92197b19d4dc
v4_lead_shonen_017,cast/v4/v4_lead_shonen_017.webp,ed782a3ac9ce9ca0ffb9dd0a5082d62803824ff07643f565c020159659a98cde
v4_lead_shonen_018,cast/v4/v4_lead_shonen_018.webp,0fa7e6507780b218f60bf32ceb3a84e3fda98a38b02da737a5101aa0feba4538
v4_lead_shonen_019,cast/v4/v4_lead_shonen_019.webp,4e7e71f466f66e0cddbed47a17dad35f59a2ba866e5c47d0dc8abba68175387b
v4_lead_shonen_020,cast/v4/v4_lead_shonen_020.webp,24e90c56e2e95004f83406b482eecfaaf027aa815582393cb35ccca035ef4a77
v4_lead_shonen_021,cast/v4/v4_lead_shonen_021.webp,10eafb155368587c7bdc8506f47a6b399fd161e3c6ac3f490b680e21fc94c304
v4_lead_shonen_022,cast/v4/v4_lead_shonen_022.webp,04ea763b88ad70daf3de32a54a56fc71271723467f6b37a4965ce2d060344c00
v4_lead_shonen_023,cast/v4/v4_lead_shonen_023.webp,8ca2ef4341d2255862ec9570fa6111959b0e78ca1be7615b64a07d129da02d26
v4_lead_shonen_024,cast/v4/v4_lead_shonen_024.webp,8006309753337041de766b0d77b39f7b14b7fc330813fe0df18ba6c9dc8fc61f
v4_lead_shonen_025,cast/v4/v4_lead_shonen_025.webp,985b139da0b573a3f9b8e8e72c098d062a455c3231411cc8afd72affd86042af
v4_lead_shonen_026,cast/v4/v4_lead_shonen_026.webp,66f4c9cf68909e0cd00fea3cef6a4b754bcdf5b727954ea7f10c566b0ba3db5a
v4_lead_shonen_027,cast/v4/v4_lead_shonen_027.webp,116e2febc0f14e8cc521264f5136afb6af465abd10e63d21c1b5782aa4eb2111
v4_lead_shonen_028,cast/v4/v4_lead_shonen_028.webp,a713a0d41119c90ae88109a5402ff24a494f80c63f49c2855704663c3d8468d9
v4_lead_shonen_029,cast/v4/v4_lead_shonen_029.webp,49f0d2c1e3b1c416712c9503fb1973b0266d6c6abf624331b8b7e17b6e230c1a
v4_lead_shonen_030,cast/v4/v4_lead_shonen_030.webp,2e6e47b517a34c81a9d016b5ea3560a5654f3bbd4f1386e7853631b368b4b73c
v4_lead_shonen_031,cast/v4/v4_lead_shonen_031.webp,ea8674795d02c3276100ddcb932f4fa05d2fa2e0068abfeed9d54052d3488de4
v4_lead_shonen_032,cast/v4/v4_lead_shonen_032.webp,9bea8e97d98936e6c2b635f542f14f8c9a5795eb1e5f3edb3c11281c6fb96be7
v4_lead_shonen_033,cast/v4/v4_lead_shonen_033.webp,cb892d4e35f3ea77bcbc783857606bb434fa25a759393d309bb6ccab731e3a3d
v4_lead_shonen_034,cast/v4/v4_lead_shonen_034.webp,9798bcab3891dbd2f72fcf73ab09a683fb31fed34e5e4d0014f87b9d013d0b18
v4_lead_shonen_035,cast/v4/v4_lead_shonen_035.webp,f7d9670d053a6afe8b016e8b3cfc5a1b4ba01a6c018a880eeac1e7f7dc16dab6
v4_lead_shonen_036,cast/v4/v4_lead_shonen_036.webp,f6a65e2da2d64ce928f11bdee989e9ae0cca49a3ba9fb3ebb388ba251b0a9a89
v4_lead_shojo_001,cast/v4/v4_lead_shojo_001.webp,e0aac607b94e319526cadd9eb22498c465586cdf721739f2d0ed540ec9168cea
v4_lead_shojo_002,cast/v4/v4_lead_shojo_002.webp,d30181313c6b77fed1965bda6afaba72f4e5f812555e48b2ce71ed21eb90c54e
v4_lead_shojo_003,cast/v4/v4_lead_shojo_003.webp,65b90e069857598d3c73a08b92f78ff98657f5a05781c9107113b2e65b3a22aa
v4_lead_shojo_004,cast/v4/v4_lead_shojo_004.webp,ba1bcd2efe091637d2afb15519d33ae3287f3b7f88020ce7b3b751580e3d4ba1
v4_lead_shojo_005,cast/v4/v4_lead_shojo_005.webp,b816d5a85914c1744dc1942fb64feff37ee9b1ff30b793da59a614d3427ef5aa
v4_lead_shojo_006,cast/v4/v4_lead_shojo_006.webp,89b7abc843a91409279f215f8f592d9b78a06cafdcf5490e685a9fb544620907
v4_lead_shojo_007,cast/v4/v4_lead_shojo_007.webp,8ea0300e52848ed5c103cb04d42254fdaa2e9cc1f7433e3bed0e208b8d9b157c
v4_lead_shojo_008,cast/v4/v4_lead_shojo_008.webp,44fd2a93f86916bf555947a37664c3c703c0915b4fd31e3f2c5db8928c910309
v4_lead_shojo_009,cast/v4/v4_lead_shojo_009.webp,f6ed4c816453ca94812c876336f28322103cf9180d3905a1636566c57e205f40
v4_lead_shojo_010,cast/v4/v4_lead_shojo_010.webp,b083b40055b24bbc50b5792d89f5af215770ff44edaf954bcf376ade9127ac74
v4_lead_shojo_011,cast/v4/v4_lead_shojo_011.webp,95db866efb47a9f910a389703b126185bbecca638274b3dc8f8cc23b7a51c1ab
v4_lead_shojo_012,cast/v4/v4_lead_shojo_012.webp,7b9ccc71acd0185c9905f69fc90a01beb92c66321aee194dbd0b9c83b7c9c066
v4_lead_shojo_013,cast/v4/v4_lead_shojo_013.webp,5a184e19a23825860ed0b3f7404b502975d1924fd380b2f049e9fa0c34e4be92
v4_lead_shojo_014,cast/v4/v4_lead_shojo_014.webp,534ded178ee175e42f63f7e91d35da95b17754d0b6f871cc1e6d3cff69d0fd86
v4_lead_shojo_015,cast/v4/v4_lead_shojo_015.webp,320622219b7f1c4f744086e7c599b32c22b8158c62b452f619c637165cb384f9
v4_lead_shojo_016,cast/v4/v4_lead_shojo_016.webp,9d1eb09659d42bebcce030fd2c3df566bf5f17bca6e04b17d7f0e92024a328c1
v4_lead_shojo_017,cast/v4/v4_lead_shojo_017.webp,458fe8da6121ad94ee28024a1da55f2db4e8942224b501214002ef82830d315e
v4_lead_shojo_018,cast/v4/v4_lead_shojo_018.webp,5d96024393dc3aec63dada6638b36f5da291edf66d2a76a5bccbe7a7caecd0dd
v4_lead_shojo_019,cast/v4/v4_lead_shojo_019.webp,9778551e945781c88f338a266e227ad78ccebcabdf201fb0acc7ba65fbcaf45b
v4_lead_shojo_020,cast/v4/v4_lead_shojo_020.webp,36bc1c1d441aa0bb7d9c9676117af11582845e0937ca43f9e9a5c63448913b9a
v4_lead_shojo_021,cast/v4/v4_lead_shojo_021.webp,89e40a96dc939492b1dc62f7fcca5501ddb8867c0e4d2ee0dd05900a96183ed5
v4_lead_shojo_022,cast/v4/v4_lead_shojo_022.webp,c37dda4871ad34957be87192ab1ed739a1f7257ef9724950046aca8859a19ccf
v4_lead_shojo_023,cast/v4/v4_lead_shojo_023.webp,87eb790a0ec3d3aba3a7b31230c61bcb447c487c9453bf2bce5a1239be6ae799
v4_lead_shojo_024,cast/v4/v4_lead_shojo_024.webp,d2760a5376d1246eaa46cc4807407979f6d21e51a6fb953360fc61c2b2dff7a4
v4_lead_shojo_025,cast/v4/v4_lead_shojo_025.webp,1ec652da00e1321674f90c2d3af14dd3337b9b9f65a6414e9acd45d71c2dfcb0
v4_lead_shojo_026,cast/v4/v4_lead_shojo_026.webp,9cd05f314b8927f4f72478830fbcff6748d89ff9f731891b8a99304577a37930
v4_lead_shojo_027,cast/v4/v4_lead_shojo_027.webp,e0dd2a239fa58baa39b12d9350b5565e172212c4c136875951cca5f92f94a342
v4_lead_shojo_028,cast/v4/v4_lead_shojo_028.webp,39d34726246b788c0b3d36a7e47e59b20055088ada0b0e52800e39a82deec3e4
v4_lead_shojo_029,cast/v4/v4_lead_shojo_029.webp,2192491eceec477c2e5ad615b8f0b488cee99cd35d6dd56863ac6a93781cd3cc
v4_lead_shojo_030,cast/v4/v4_lead_shojo_030.webp,8ff66169277d41517493bcd1111e94bfbfa587f9f168d30cbf85a46dabd2c291
v4_lead_shojo_031,cast/v4/v4_lead_shojo_031.webp,1aab0ac25af6030ccbac36ccfe0d4c623df17109c34d46c2338a2692f2d182a9
v4_lead_shojo_032,cast/v4/v4_lead_shojo_032.webp,439828dd427017228d694a09661ea7a9b1973bfc97658de6ceaeb5ef98e92c4f
v4_lead_shojo_033,cast/v4/v4_lead_shojo_033.webp,bb70359a83d9e9ba5060c3231bb12e72a1a85b8aafa86967c44a64a8e670578c
v4_lead_shojo_034,cast/v4/v4_lead_shojo_034.webp,232095871bdf940b2ccfd44ff9ac48140d2a3a78880998d7d61828e89281ecec
v4_lead_shojo_035,cast/v4/v4_lead_shojo_035.webp,98eb9924399648af1e8ad794173a50bfd46420ee5fdd42cd691919c80e5ebc8a
v4_lead_shojo_036,cast/v4/v4_lead_shojo_036.webp,26f94e578ee82c7e7989a9bf0d549ad43265fd40a7d7ba3f3ebeb59dc4499af3
v4_lead_shojo_037,cast/v4/v4_lead_shojo_037.webp,bbf283dad739b7f2db5ecf26be76d6d893976aa912421bfab9a41327754ed8fe
v4_lead_shojo_038,cast/v4/v4_lead_shojo_038.webp,4aba177c752770ea813694a7a2a8c38a2f0f4bf795a1f66b15eb06084550c5a7
v4_lead_shojo_039,cast/v4/v4_lead_shojo_039.webp,753c114adc637744a42424414f040b8b441ac48840d1115b3f5d6da3cfb56fee
v4_lead_shojo_040,cast/v4/v4_lead_shojo_040.webp,4cb8b157240a044571b547939aed970d91995bc37ce03fc400d422362e4cdcea
v4_lead_shojo_041,cast/v4/v4_lead_shojo_041.webp,68beb4ae0a17fde3b870fe5863b8d6295c830cfc86b238d6650075ced55e1998
v4_sidekick_shonen_001,cast/v4/v4_sidekick_shonen_001.webp,938408a2d444eda69754dd3d74d27dc43f96bf0415a0487e6b310433b0aa93ce
v4_sidekick_shonen_002,cast/v4/v4_sidekick_shonen_002.webp,d42240a8ee424985b9966f7d6908cb88f1ce4d90cb0617a5dfd5c8fb08e6e248
v4_sidekick_shonen_003,cast/v4/v4_sidekick_shonen_003.webp,b283a92439e689312d838dd5ff434dae6c3744ce65c23985745834a06b0323cc
v4_sidekick_shonen_004,cast/v4/v4_sidekick_shonen_004.webp,e5f73008770f74d654cce34cc6af30aa79de979db920710e9b137fb1c2618eb5
v4_sidekick_shonen_005,cast/v4/v4_sidekick_shonen_005.webp,33fcabfd2fa32cd56483397365f2ff2177cc30223f288cadf7d8a548f7cddadd
v4_sidekick_shonen_006,cast/v4/v4_sidekick_shonen_006.webp,16096542696e6a2f31b3a8184f96fb8457a0e33b91f3f41f1a0ed8a2c807d092
v4_sidekick_shonen_007,cast/v4/v4_sidekick_shonen_007.webp,ee578825ff8e95467b1da40ff287ae7237eafd35e91cae1b23cb6341678cd2af
v4_sidekick_shonen_008,cast/v4/v4_sidekick_shonen_008.webp,0de4e7d0b2804fa046eb0591f7235c8f716268929fa74520961b145c32e00af9
v4_sidekick_shonen_009,cast/v4/v4_sidekick_shonen_009.webp,0ec9ce213c2d3785b66d85c55779efb309b550e5e71e0e9760d1b76fe206d89d
v4_sidekick_shonen_010,cast/v4/v4_sidekick_shonen_010.webp,5dcc44e858f276d0d931076d8cf24e80e2b82a45badf590a4d9f5276ae0d18fc
v4_sidekick_shonen_011,cast/v4/v4_sidekick_shonen_011.webp,bbb5ae11a3c8cf31de09b73a149051a4cb6ed649e96a1841d5b2ea50bcadfd26
v4_sidekick_shonen_012,cast/v4/v4_sidekick_shonen_012.webp,cc36fc232babbfb5af13e94f4c0c158c530ea00eda0fee7297fcfb616f60a9ab
v4_sidekick_shonen_013,cast/v4/v4_sidekick_shonen_013.webp,a7dc1a9e7d22df9bc43e8f36ccc3cc88848993d90c72e70efd78af94714226c2
v4_sidekick_shonen_014,cast/v4/v4_sidekick_shonen_014.webp,1c11fb352d853f23c0c4298ba41fecedf6515f332b8cca3b9aba8ff669006ad9
v4_sidekick_shonen_015,cast/v4/v4_sidekick_shonen_015.webp,6e2004accb34bcef92bff2922d4fe54b459595f9c6e5c4df9b6cd78af273119d
v4_sidekick_shonen_016,cast/v4/v4_sidekick_shonen_016.webp,2ae25822ff4f7db11c232a527d2b79fd7cf78b9462c183e882cee8f8634f58d5
v4_sidekick_shonen_017,cast/v4/v4_sidekick_shonen_017.webp,581103303248c33e3f6d4f6eaa490b5e5676ac3df8b411f72eff71f9ffb268d7
v4_sidekick_shonen_018,cast/v4/v4_sidekick_shonen_018.webp,3ed3adfc38b39db11b2879e8dd6f2d1e26e64b84a6e2a66ec2edb3ad3a69b2a0
v4_sidekick_shonen_019,cast/v4/v4_sidekick_shonen_019.webp,e4ba367ace32c9789bf77e889539cc6a40e7b4ca70259afec7e22f621040df84
v4_sidekick_shonen_020,cast/v4/v4_sidekick_shonen_020.webp,78a349f69cdb9626d2504e7f20b683a887234c0d8e1256a2151913ef2ff0a80b
v4_sidekick_shonen_021,cast/v4/v4_sidekick_shonen_021.webp,c90544b754c74ae22d4a7dfc9a223eadb7291bc6847401c01cff088e3dd5002f
v4_sidekick_shonen_022,cast/v4/v4_sidekick_shonen_022.webp,ce4499444e19f57f91e5ae62bab07e97bfb1df348348e1c5a3a904bae7db40b7
v4_sidekick_shonen_023,cast/v4/v4_sidekick_shonen_023.webp,3bc9709838551b769f0a6cecfef2872e267968ff7d8613384950f007c75eb61f
v4_sidekick_shonen_024,cast/v4/v4_sidekick_shonen_024.webp,f6992009fa6464030dca02bc2cd23e1a80fd5c08f1d6581deb55f9a83c3daf4a
v4_sidekick_shonen_025,cast/v4/v4_sidekick_shonen_025.webp,62b069fe46274fedf5899bb2182d1aa48a6b675c123374ac14b10fe6854e79f0
v4_sidekick_shonen_026,cast/v4/v4_sidekick_shonen_026.webp,7203573310b98395307147279d2db99553a0c754aec205c8e79cbd1fda709145
v4_sidekick_shonen_027,cast/v4/v4_sidekick_shonen_027.webp,4dc07933a536a866b6b86dca280bded72a8ba59d9afb205a964c67a0bc675d04
v4_sidekick_shonen_028,cast/v4/v4_sidekick_shonen_028.webp,b205fc7b1ffa83a05c464ef0549962b64c56e7696468ef036298daf6742d2fad
v4_sidekick_shonen_029,cast/v4/v4_sidekick_shonen_029.webp,b378855fec6d55082bc04fec7c41b8260080a011034421d93231b978fc4d0e72
v4_sidekick_shonen_030,cast/v4/v4_sidekick_shonen_030.webp,242865521b373e95dad5aa048056e4f8802ba2219836b06d16f5d21cdb96e12d
v4_sidekick_shonen_031,cast/v4/v4_sidekick_shonen_031.webp,bae39b5df5fc4f11c86cf83e6845b1d28f8a6364ff844c21d4bdd16a1c26f0eb
v4_sidekick_shonen_032,cast/v4/v4_sidekick_shonen_032.webp,05fbb036cbb4722d3196c9a78e9303eeca5996b5eab8017cf8973e36f789ae0f
v4_sidekick_shonen_033,cast/v4/v4_sidekick_shonen_033.webp,8fa8411ddffb17c1308ed59d6d6630815e5cd6a35103eb8c307382750e73d47b
v4_sidekick_shonen_034,cast/v4/v4_sidekick_shonen_034.webp,dd6225881edfce9171fbd261154cb523540ab254931b7d31706f24966fbb61ca
v4_sidekick_shonen_035,cast/v4/v4_sidekick_shonen_035.webp,a9cfc1cae47b718e38c34eea7873a3215c8aedcb6d6396fe69d3311b9e5a5561
v4_sidekick_shojo_001,cast/v4/v4_sidekick_shojo_001.webp,f4f87d58604bc61fbfc6e7edc7fffa1d8ab392e7d08d453a04f0f232e3040ed7
v4_sidekick_shojo_002,cast/v4/v4_sidekick_shojo_002.webp,fd89f714bb84c67f8fc9532d340cdd726eb73f9fd7061b8d6988bbb960218099
v4_sidekick_shojo_003,cast/v4/v4_sidekick_shojo_003.webp,2281a8f75c15d315f6f5e7ac6956c854bea462c6be1099187da1b4a0d1a50316
v4_sidekick_shojo_004,cast/v4/v4_sidekick_shojo_004.webp,1705e6aa78ae71f49341a86b995376fc9c686ad6e84c2921e684d19fb0b57389
v4_sidekick_shojo_005,cast/v4/v4_sidekick_shojo_005.webp,450c884bac7e81d747b81479a740bd0fbbad3bdddf2afa4d45c576262f19514b
v4_sidekick_shojo_006,cast/v4/v4_sidekick_shojo_006.webp,3ed0d5b5382aa7a1ca90fa52856c6673f68a80dc38a8568a9c8a2b1cc2b50053
v4_sidekick_shojo_007,cast/v4/v4_sidekick_shojo_007.webp,4460cfc9039ef41d59a08a48952a45887996751e1dd35675d719f84b29af1fbb
v4_sidekick_shojo_008,cast/v4/v4_sidekick_shojo_008.webp,2b8b88010d8a04ee5a67072e5374b4bcbc2f99f44fa711a27aa66c11098a7170
v4_sidekick_shojo_009,cast/v4/v4_sidekick_shojo_009.webp,4c5928c4a602c42ab916d7bf740d7b54dcb07fdc133c9002d25d366b4ee2ba27
v4_sidekick_shojo_010,cast/v4/v4_sidekick_shojo_010.webp,b0128eb1ec4b544239bea5a0f826c935e5cfa8ced0e729df0133a400cfcdf22f
v4_sidekick_shojo_011,cast/v4/v4_sidekick_shojo_011.webp,107757732ab659377d274d244df01d3ddaa18f1bc8a795e05e4c3a3e5d70ff4c
v4_sidekick_shojo_012,cast/v4/v4_sidekick_shojo_012.webp,bc14c3ed5850ed31009a53e557d9bfa7a6576b8684f4aab664b19ef5210a300f
v4_sidekick_shojo_013,cast/v4/v4_sidekick_shojo_013.webp,4b6df95a71fcf746855cb37c1e3bcb85675d77f94d8b0c3279035d49770e7884
v4_sidekick_shojo_014,cast/v4/v4_sidekick_shojo_014.webp,2ed7cdf77581ea8f50e07b1debc17f5919f74b661a965f761ceb740b69567513
v4_sidekick_shojo_015,cast/v4/v4_sidekick_shojo_015.webp,aa37fbdf42dfa186045cc54d0d064269633608ca3ba4aac4e466e0c89904bb69
v4_sidekick_shojo_016,cast/v4/v4_sidekick_shojo_016.webp,6c3052ba64bfe7712023ae4c5709baf6eeeb82a7dbdf31fdba240753413773ca
v4_sidekick_shojo_017,cast/v4/v4_sidekick_shojo_017.webp,ca3432f5a6df043e7a3328efbb3b56b5c62b25e99c1e21d08daef8b704231c90
v4_sidekick_shojo_018,cast/v4/v4_sidekick_shojo_018.webp,66827be18fbfaef450eed15dc00825bbec36d1cd39bdf0f472fae36fac48e284
v4_sidekick_shojo_019,cast/v4/v4_sidekick_shojo_019.webp,574c52cab9a3ab04a08b1f27ea3fff0cc5396e3ce55f054f44e0997f8b101e8b
v4_sidekick_shojo_020,cast/v4/v4_sidekick_shojo_020.webp,4f31009b4cd5f439b6ffe155c131383a85fd90813898be35b5ce5279608b9d4f
v4_sidekick_shojo_021,cast/v4/v4_sidekick_shojo_021.webp,e81d2499414e819ad54743de60f802972ab9e017b0f05e735570ab0595709a43
v4_sidekick_shojo_022,cast/v4/v4_sidekick_shojo_022.webp,18daba5b75460285a2876fc6b32f21ab675e78c6e18123fed065aa19cf37b831
v4_sidekick_shojo_023,cast/v4/v4_sidekick_shojo_023.webp,bf0926057a5c46bb10190f2ce429bbf91d6431d72cc9ff1aca4b18ba2f785760
v4_sidekick_shojo_024,cast/v4/v4_sidekick_shojo_024.webp,0116351f5069ca605d92f49d3d273497f500ec19b6550ea150326e829f62de6d
v4_sidekick_shojo_025,cast/v4/v4_sidekick_shojo_025.webp,888d121e6d03429484c6e37dc1aa5153f5b65c68e00eafc2c40046a570b78730
v4_sidekick_shojo_026,cast/v4/v4_sidekick_shojo_026.webp,491b997e61276c93b29a958605c376b9db4ecec5531bfe933b04c71648dbde2c
v4_sidekick_shojo_027,cast/v4/v4_sidekick_shojo_027.webp,fc8a5d3c0534516b912a5e8e0862471da72152ecd5bb3d3038864133ecd1f98f
v4_sidekick_shojo_028,cast/v4/v4_sidekick_shojo_028.webp,2a43463f2f0c2420c824a58381c8c575450a900411d73a4f156768d2ac2c59cb
v4_sidekick_shojo_029,cast/v4/v4_sidekick_shojo_029.webp,aab975537dca1b627532f3de4e8ff7a6dbc44ae250087fa5d4c8e727a74dfe7f
v4_sidekick_shojo_030,cast/v4/v4_sidekick_shojo_030.webp,f4ba99d312569323f58972f2afe61795c01a29dcfcaa100d01dc1f0e859ab234
v4_sidekick_shojo_031,cast/v4/v4_sidekick_shojo_031.webp,8fafd7f9382f3d030f226c7525b4237d376983c6aa84a6257476f9540cff27cb
v4_sidekick_shojo_032,cast/v4/v4_sidekick_shojo_032.webp,4dbbc16f46acd8500c430268183e1057b175de220356b2c410947059dd039324
v4_sidekick_shojo_033,cast/v4/v4_sidekick_shojo_033.webp,fafefe9d55785c8d61a8b4c86dd9990d3ec6449c38676dc2a86861fd2539b13c
v4_sidekick_shojo_034,cast/v4/v4_sidekick_shojo_034.webp,3d45ec70eea57f4b424d4a83f85201909a1dc50611015d2cf43d944eac53e19b
v4_sidekick_shojo_035,cast/v4/v4_sidekick_shojo_035.webp,bfdf5a9743e7bdffbf197463296fc1e7bf7b1aec231f682beac2551fb4014450
v4_sidekick_shojo_036,cast/v4/v4_sidekick_shojo_036.webp,76884f4d17df41624023dc754c112a06f319b6e539f451cfa91c072e876e6fa7
v4_sidekick_shojo_037,cast/v4/v4_sidekick_shojo_037.webp,8faf5c2ff3ffcb1cf0e5ce8c4f6e38de9b4614857edb84a4f253420720819317
v4_sidekick_shojo_038,cast/v4/v4_sidekick_shojo_038.webp,f051dfa9c2bb5664fefb09793994c8cc417fc70803cdc9e763dfc8a917bbdd3a
v4_mascot_shonen_001,cast/v4/v4_mascot_shonen_001.webp,b1ad619e20812f565192fe1e5f91f2110c3884a66b30425911afb13291ef1909
v4_mascot_shonen_002,cast/v4/v4_mascot_shonen_002.webp,ad55600676903574160d97d2d8ee292fc1222330caf3eb561ad912102e967139
v4_mascot_shonen_003,cast/v4/v4_mascot_shonen_003.webp,8dd45e590765352797e48be4c8790cb19a288ee7212fcc48911874b33692fd42
v4_mascot_shonen_004,cast/v4/v4_mascot_shonen_004.webp,e693d17b7d998f907515d56ebff081ca8f1759e3893c92014dd472d25a1069bf
v4_mascot_shonen_005,cast/v4/v4_mascot_shonen_005.webp,12a516ad3a57300a6492dcdd0169735ae035ace2b3e2cdfe76c14c594fa574ff
v4_mascot_shonen_006,cast/v4/v4_mascot_shonen_006.webp,e6a02639e5f7b5e732a60ec551fabd01807fae2d11cd398b827ba1d14d1021b0
v4_mascot_shonen_007,cast/v4/v4_mascot_shonen_007.webp,5a4333009e5b3badd2dd72c6491d7f50664d43e119aad670bad5ad3bc25c4772
v4_mascot_shonen_008,cast/v4/v4_mascot_shonen_008.webp,8cb0c53f4617bd8280d9d8c7ef4b4d0d8d615faa5c9c44f49484d387910fa126
v4_mascot_shonen_009,cast/v4/v4_mascot_shonen_009.webp,d35742c54c817f52250d2c40d124e5f82042c1d5466547bd19a9b5c99a6a0b6a
v4_mascot_shonen_010,cast/v4/v4_mascot_shonen_010.webp,6566e93b4d62656b2d85cb36954a5968ae9b657c041442f100be0b57cb6b385a
v4_mascot_shonen_011,cast/v4/v4_mascot_shonen_011.webp,f9d5b7d2f6512e5e6be2e71390b7c27956e8df3b13c3f26e7dd0206360fc9b28
v4_mascot_shonen_012,cast/v4/v4_mascot_shonen_012.webp,a0e387da7b633735b85a58a8591fc256eae7fb0c7063867bfaa0d3970679f2b6
v4_mascot_shonen_013,cast/v4/v4_mascot_shonen_013.webp,88aaeeb44b70c959afcd591a23bacd44ca3dffdde07b69e5612f877a588b186d
v4_mascot_shonen_014,cast/v4/v4_mascot_shonen_014.webp,23c994c61d0d83dfe0967b0d07abad4eb94bbea09d232ec8dddfcdc958ad6a48
v4_mascot_shonen_015,cast/v4/v4_mascot_shonen_015.webp,6ef2cca26350f0cf27a76c0d8189c1f3e04466e02c94c680a27e28e1c02562aa
v4_mascot_shonen_016,cast/v4/v4_mascot_shonen_016.webp,cedf85ec52212fe662b1eeaa3da4d698c7714cc0da5c78e4a4db21a01613c2f7
v4_mascot_shonen_017,cast/v4/v4_mascot_shonen_017.webp,9b435f4c6e9dd8b6b14a57e52bd6dc1425a1a3caeb72301aedb9c115b9695643
v4_mascot_shonen_018,cast/v4/v4_mascot_shonen_018.webp,80bbdb0e0478357ee464e228ed5f8d958246c40e28d522e4578d4a132041cadf
v4_mascot_shonen_019,cast/v4/v4_mascot_shonen_019.webp,c1a80443df322538df066c40767786d8e3130ca0dfbdaf0b5a09eda88fd7aded
v4_mascot_shonen_020,cast/v4/v4_mascot_shonen_020.webp,1deae221ae48360f8153a650b3040c90fe3b064b28b9d75a1fc5496aff544cd9
v4_mascot_shonen_021,cast/v4/v4_mascot_shonen_021.webp,b8c532515e4b0df5009da2ed688212f32bdace5f2b714c45b85958e02187e061
v4_mascot_shonen_022,cast/v4/v4_mascot_shonen_022.webp,7b67d0e32dbbe42ae6843f6fe52bf1eee775c1ba2cbe13897246f475f0dc11e9
v4_mascot_shonen_023,cast/v4/v4_mascot_shonen_023.webp,640627b4a5087c5b6e0e8f3a8d4567650b559deb03f2766747d3125e19da3c0a
v4_mascot_shonen_024,cast/v4/v4_mascot_shonen_024.webp,19b8daf1f4cf76cfc278b87eb6e3dc8116d718ac9909138cab65ebe10149b34a
v4_mascot_shonen_025,cast/v4/v4_mascot_shonen_025.webp,22885efc61ba8508625cb300086d6f534c16813ab1579a2e4437086263b98e5c
v4_mascot_shonen_026,cast/v4/v4_mascot_shonen_026.webp,39ce34fee0c421d488f5f8cebbe1d3eb308d4d7d1725f0e75194c3b98b26e2e6
v4_mascot_shonen_027,cast/v4/v4_mascot_shonen_027.webp,b985f2600d9ba929b5da4e417b38e20f3a48ce30ec1e564e5393664600d327c6
v4_mascot_shonen_028,cast/v4/v4_mascot_shonen_028.webp,46c9d24a970fc32c656cb533169d127d312ae4e157ec4d84cd6b7c718d4721f0
v4_mascot_shonen_029,cast/v4/v4_mascot_shonen_029.webp,173172f5d8da27e7188f08bfe6c7cb1d3ad01f1b00dd0970c5de0df423bca7b7
v4_mascot_shonen_030,cast/v4/v4_mascot_shonen_030.webp,11df0f00c2ec097f87c9cad048f61526ab9dea8428bdd50d131d5accbf1ffdc1
v4_mascot_shonen_031,cast/v4/v4_mascot_shonen_031.webp,64a870cd84b5fbebea74a0b35b57deadf6a874827f047d9a057c1d04607448f7
v4_mascot_shonen_032,cast/v4/v4_mascot_shonen_032.webp,e1284907741a7ff2f7b4ded049b9e0c2a0a3283c2334b29ab3de1f511ceaec5d
v4_mascot_shonen_033,cast/v4/v4_mascot_shonen_033.webp,67724c055d620b345baab83d024850bf33f289742a0a7677b3e860ff78b3249a
v4_mascot_shonen_034,cast/v4/v4_mascot_shonen_034.webp,1823117bc717fddec95d41a830cc23174317c9c5d2c15fe483761ad71ca57e6b
v4_mascot_shonen_035,cast/v4/v4_mascot_shonen_035.webp,4a871ea7702e213a2eca8911751b9a7315809b9e6baa80afe3e0ec3b9c48271c
v4_mascot_shonen_036,cast/v4/v4_mascot_shonen_036.webp,048ebb3dc7ab2eb547a90d64ecdeec45ab5f897d73c6e0ff97be0a6ec28080e5
v4_mascot_shojo_001,cast/v4/v4_mascot_shojo_001.webp,82ba82aba99de43d3287d87fb7bedc6faae86f461f3218e0c94f9a01bf6e3e2c
v4_mascot_shojo_002,cast/v4/v4_mascot_shojo_002.webp,9876b7cd0d4beb0dace25e1de73ac2782cb7e145657a2aaa59cb9e1a030ab066
v4_mascot_shojo_003,cast/v4/v4_mascot_shojo_003.webp,fa2c9221258580dfbd3d4c9c7d53487da7243c66122c1c0dc2b53e72c1e9fb6a
v4_mascot_shojo_004,cast/v4/v4_mascot_shojo_004.webp,2d921abae1bf1fe11f051a558f36fb08e4c3810462694f3c39739bd3e90a2366
v4_mascot_shojo_005,cast/v4/v4_mascot_shojo_005.webp,be3883d7c77e12553eed5ff627f90d5fe5ab0692433376097d89de5f3cce37d9
v4_mascot_shojo_006,cast/v4/v4_mascot_shojo_006.webp,11f29ff1e5df65ca960995dae558ad97aaf5eee8089a3b27e2823bf41acd6d79
v4_mascot_shojo_007,cast/v4/v4_mascot_shojo_007.webp,f07d61de91e448d1b981409c99f721eb0977b8f305d54ee98efd9ecdb02f7d1e
v4_mascot_shojo_008,cast/v4/v4_mascot_shojo_008.webp,732b2363b5d25c4664010971cabf1c437bf62774cc18f8b467f92cb3281cfe24
v4_mascot_shojo_009,cast/v4/v4_mascot_shojo_009.webp,286dcd5f250359c3ad34e0cae36d2881a9235d28bfbe7c198ec283968a4a4ee6
v4_mascot_shojo_010,cast/v4/v4_mascot_shojo_010.webp,572aef7352842b3dd4ec8793a50ca45d606abc567c987e3276fe5156674be897
v4_mascot_shojo_011,cast/v4/v4_mascot_shojo_011.webp,6091057d9af7c285932c8f702873959c715d38fae99838985598329296a9c822
v4_mascot_shojo_012,cast/v4/v4_mascot_shojo_012.webp,0b460fbdbfc558db10b339a019b581e611c7508151f363a5cca01183f1a80840
v4_mascot_shojo_013,cast/v4/v4_mascot_shojo_013.webp,947e5b7169ba080de851e37c0c67bff98c65e2855294fa0727809b732ddb9e88
v4_mascot_shojo_014,cast/v4/v4_mascot_shojo_014.webp,128407e33f1020b0fc8680518e3e981f230710ab8fab03796ec04d1c2890f60d
v4_mascot_shojo_015,cast/v4/v4_mascot_shojo_015.webp,dba72491e3d6d0b6c2b17ffc8119b27d5d4823376d6bf94454046238ef5c8aa1
v4_mascot_shojo_016,cast/v4/v4_mascot_shojo_016.webp,ca3f8170e9ad4c116a825dfc728658e3b7dd3b49a3ed71758cd0845aad661b7d
v4_mascot_shojo_017,cast/v4/v4_mascot_shojo_017.webp,e4405381fac462672eb3786255112eb16a71ef3414f4f4c8556f46f051d272f3
v4_mascot_shojo_018,cast/v4/v4_mascot_shojo_018.webp,4d4484e55e47a6c56e0227de095d45a1606fe14a19f86b0331bdff82eb83bc9c
v4_mascot_shojo_019,cast/v4/v4_mascot_shojo_019.webp,b7f957969f0a96abf0a6e5078547ce15bf52a36e188c6f52c23c0f3900d7d423
v4_mascot_shojo_020,cast/v4/v4_mascot_shojo_020.webp,90bf78844af7ed00b360b91e6b601d1d62f3fb7b7d2ebb90fc152877e5607849
v4_mascot_shojo_021,cast/v4/v4_mascot_shojo_021.webp,361cacb591bd1c824ff2fed668e07d72779d5a4885ea3f69902d805b6a2d77bb
v4_mascot_shojo_022,cast/v4/v4_mascot_shojo_022.webp,636b13da1513f60957733e8f0933566100b53aab1f14568ff983d30beb2c860d
v4_mascot_shojo_023,cast/v4/v4_mascot_shojo_023.webp,3be1604a8e835664cc5db92b2a2393321fe94dbc0deac80df71b3f56ec50c15a
v4_mascot_shojo_024,cast/v4/v4_mascot_shojo_024.webp,d57a39504f7b8cb57476d47b08b878ab5c45a0eb6ce81eee464a0befd09e2e9b
v4_mascot_shojo_025,cast/v4/v4_mascot_shojo_025.webp,4a0d262cc2f01809b45c78be731aa67e28bce55b9a084e956edef4ab2d0d95c5
v4_mascot_shojo_026,cast/v4/v4_mascot_shojo_026.webp,0ce08edda2064063f9bd4bcac5b26bc7bec0881859c96c3093474d2ced584439
v4_mascot_shojo_027,cast/v4/v4_mascot_shojo_027.webp,88b6bf1472b5785802767a787ad4772ebdab7da47aeb6cb7ead72dd76395109b
v4_mascot_shojo_028,cast/v4/v4_mascot_shojo_028.webp,d8f3941f542b92dfca4b58b61962d0516c9d355d1efa5ea344fc9289d8bddad3
v4_mascot_shojo_029,cast/v4/v4_mascot_shojo_029.webp,fe1b7b21551ab990ce2b1ecbe77e5967d0453f0697d79a3bbe29569eeab85e6a
v4_mascot_shojo_030,cast/v4/v4_mascot_shojo_030.webp,9a41cf4209b90baafc4c314e1f828162922af676264ca6f99412460e5b49a910
v4_mascot_shojo_031,cast/v4/v4_mascot_shojo_031.webp,2c0705cdd42289d434174c925a047362a736137739d59e5d07111c456be6b8a5
v4_mascot_shojo_032,cast/v4/v4_mascot_shojo_032.webp,5cd597db15c59a09ed2b0669b8ddbe9e9f7f14a7563ee1ca06edb41cabc8d0c3
v4_mascot_shojo_033,cast/v4/v4_mascot_shojo_033.webp,e4ce86279a3f9850cc5c8131aab86f05554a01a21fb317a94527eed28f00d7ae
v4_mascot_shojo_034,cast/v4/v4_mascot_shojo_034.webp,e3688cb09d18019e0c68e5479f7653d4c1745e98c084e6a30a7956441d373430
v4_mascot_shojo_035,cast/v4/v4_mascot_shojo_035.webp,a6a3d65ce87ea59e1781f96d792bf333c5fba4a96b7cbb3a4df45553e2f1372c
v4_mascot_shojo_036,cast/v4/v4_mascot_shojo_036.webp,f18a90af09cf7066a77215ab694e26d55f0ae688ef750ea0354b249b25703fc9
v4_mascot_shojo_037,cast/v4/v4_mascot_shojo_037.webp,6149d616d1288ace0f16cbefef16bea5c1e3b67dd4151f582e1e5cbd16c1e74e
v4_mascot_shojo_038,cast/v4/v4_mascot_shojo_038.webp,f962eebee2cbfdcea3adab84d6eeddf0b6226c8343c3e8c8363025397686cc55
v4_mascot_shojo_039,cast/v4/v4_mascot_shojo_039.webp,c029383f59e29ab5b54f8796be31be5f467da9964f0dcc91fc0684f391c5e88e
v4_mascot_shojo_040,cast/v4/v4_mascot_shojo_040.webp,252621ef66d6b33df2b1933fbaaeb97d5a9f523e282e6b1c9cb6b2d4373fdbd5
v4_villain_shonen_001,cast/v4/v4_villain_shonen_001.webp,c1ad4419f06c5e1efe03af495cf506ce35fdaca05b284abafc86b582627028c3
v4_villain_shonen_002,cast/v4/v4_villain_shonen_002.webp,c52ea4f0da5a4cd0a530ec6624b40297624354fc475f248663dc833b0c1ce34d
v4_villain_shonen_003,cast/v4/v4_villain_shonen_003.webp,4d6930610e032fe1cbe81922e21028023e02737d399f462e65ab8c8e6cbde188
v4_villain_shonen_004,cast/v4/v4_villain_shonen_004.webp,fcc41e0e627340b875b4cbcebc2c82e90d9a7c3e107a8b70017842781ef9f665
v4_villain_shonen_005,cast/v4/v4_villain_shonen_005.webp,f4e4cde56410aa943be149231f0ba757092e4aa93b1603268faddc4bb26e9df3
v4_villain_shonen_006,cast/v4/v4_villain_shonen_006.webp,7e1ab8529539f73b2d069c604af8110b7b748942463383f35622a867e7e3ad37
v4_villain_shonen_007,cast/v4/v4_villain_shonen_007.webp,00a7222bbc6bf4b82056dc18597de232087f1268a23e09f288ea422a70ca843d
v4_villain_shonen_008,cast/v4/v4_villain_shonen_008.webp,0ab269cf41d25583e51da5abd400415ee3204c47e76df504e1dd0e2f24c362dc
v4_villain_shonen_009,cast/v4/v4_villain_shonen_009.webp,b91c21e58a8f255b722a79f1af49833c30c7828a153307b38aa53d38ce584df9
v4_villain_shonen_010,cast/v4/v4_villain_shonen_010.webp,3e99eb282619d47427592b7865512a601203efc64cf2a450a2e3900f8f4b3d2e
v4_villain_shonen_011,cast/v4/v4_villain_shonen_011.webp,c1c1168f88d15e0da2dddd1419f67b929501e193bffa9c374a8d3209e1944d60
v4_villain_shonen_012,cast/v4/v4_villain_shonen_012.webp,dec7aa78d15f253038cda446a380f0f452a18318e7e3daae5cd70c2b5fa4e545
v4_villain_shonen_013,cast/v4/v4_villain_shonen_013.webp,622ef66a62e49fabdcad4c63f24b02abbfce59bbd42e5bf1645f738973438b82
v4_villain_shonen_014,cast/v4/v4_villain_shonen_014.webp,fd807d77bb2ffcecfcaa6c475459306b1db12aca035fd28e37ea19d965f878dd
v4_villain_shonen_015,cast/v4/v4_villain_shonen_015.webp,02ae38290ef5773dd1c4aa6d03353d7b99fb3d15e316501288eaa6592c6d49ed
v4_villain_shonen_016,cast/v4/v4_villain_shonen_016.webp,2adf7544fe8619689d301c02c11c8f0ea4332c1ed1c59b7f82170bb03e433037
v4_villain_shonen_017,cast/v4/v4_villain_shonen_017.webp,d78081756a482367c82e65fbcba678902abf35ee24f70057b92102ebad8bd4ad
v4_villain_shonen_018,cast/v4/v4_villain_shonen_018.webp,1ef2d96a02f53a60799c7d1ca2dcf4cded70f33c85352c7954c63292e2951f0f
v4_villain_shonen_019,cast/v4/v4_villain_shonen_019.webp,f06f447e029647a9f0db75d6ff56c4e8ca45c687924248daedc7bde46b005c66
v4_villain_shonen_020,cast/v4/v4_villain_shonen_020.webp,f8927b1d2524c1464df291c36112252495fdd5b460d4e8e6584ba4e42ddeaf5e
v4_villain_shonen_021,cast/v4/v4_villain_shonen_021.webp,29b24a735331ee4d32d69957e11c1e05ef9fee5a43761b6f3fe10307cf2ac571
v4_villain_shonen_022,cast/v4/v4_villain_shonen_022.webp,d0b2a7238f3daee4540c9ee1830952df18a28aea10ffcf5f15876f39e49c1cd9
v4_villain_shonen_023,cast/v4/v4_villain_shonen_023.webp,08816c1ae6e4587bb363c99a2904a54905732e5b6a984e9f9d8601f589f75c46
v4_villain_shonen_024,cast/v4/v4_villain_shonen_024.webp,fc320d5fd01708f08ce5d29a8e33a9f2fddbdc2f74b09ad91ff799e1d3dcfc55
v4_villain_shonen_025,cast/v4/v4_villain_shonen_025.webp,eb401da63cc10654ef902f304f0f0496d5383b2a544a4fdef7a486714179bf9c
v4_villain_shonen_026,cast/v4/v4_villain_shonen_026.webp,ffe8871c49710d49b349019737697b36e7a5eb1f7ea26ce68ddb0af323c431ff
v4_villain_shonen_027,cast/v4/v4_villain_shonen_027.webp,78f6471024e9cb800d69aabe75c746284f67c50f71b03498d4a6fcda8ec5e907
v4_villain_shonen_028,cast/v4/v4_villain_shonen_028.webp,513ae4cea11a315273489bbda665962c062ddc939e5efe15dc6f3601019e4c9f
v4_villain_shonen_029,cast/v4/v4_villain_shonen_029.webp,3a2391dc278b1bfaabd3d6581d07604b8229fd2d986a9b74dfc26471a2a84a8d
v4_villain_shonen_030,cast/v4/v4_villain_shonen_030.webp,83075b943cc136d48a5f1ac5e0f51febfa6794dc2ebf67b54a1740a8cbbfeb43
v4_villain_shonen_031,cast/v4/v4_villain_shonen_031.webp,5519e51e8b4b0a853505634b941d0cf73a3252d35a39bb8e245b475f92c633d0
v4_villain_shonen_032,cast/v4/v4_villain_shonen_032.webp,2530b4ceec4422e6120fbbf29ab002a19a3c08b8ddf1e5b3088e1db8893fe906
v4_villain_shonen_033,cast/v4/v4_villain_shonen_033.webp,eeb63a736766609206c4e5f1d1d954ad7a2acef03e79456195e3c872da2cad4c
v4_villain_shonen_034,cast/v4/v4_villain_shonen_034.webp,31a93827d6884b89caa5b0300541c13d10c3f6550b81f3653f336b99e44867dc
v4_villain_shonen_035,cast/v4/v4_villain_shonen_035.webp,873c00798ffb83dedde413ecb5c2ae2b5236d90602db5d6f1d57e54ad9c9dde5
v4_villain_shonen_036,cast/v4/v4_villain_shonen_036.webp,3a98618cd7dbbd9eeb8f1b2ffcd71d91492a2f7a9720bec4201646f482c9e01b
v4_villain_shonen_037,cast/v4/v4_villain_shonen_037.webp,0ae1ff2cb1774ccc2df11557ff2e8718e77cb21a8e7c24f8c15ea8653aa4ca6d
v4_villain_shonen_038,cast/v4/v4_villain_shonen_038.webp,fe2b8bf529394cab77360cdb24edfcf50a413322db72466e8a846993808f6438
v4_villain_shojo_001,cast/v4/v4_villain_shojo_001.webp,7ec3da1b7c2bc3109782264dd127d2111eb18a4c8b184b704ed572064700064f
v4_villain_shojo_002,cast/v4/v4_villain_shojo_002.webp,4036bf395e94fe0e55b2633ac093c9dd3fdccbd6bae4cf0599d654dc605b7ec3
v4_villain_shojo_003,cast/v4/v4_villain_shojo_003.webp,2cddba3021134461961f9e7c77cf4e9c937bb6dbc80d6208ea477ee4d94febc8
v4_villain_shojo_004,cast/v4/v4_villain_shojo_004.webp,762501e54872f26f6091402248f28a184ed81c2b1023236a43296a5f5976961f
v4_villain_shojo_005,cast/v4/v4_villain_shojo_005.webp,66a4fcf0de5dc15d5d0046dba3fc341a1ece28f5286357d71a6df945f479145a
v4_villain_shojo_006,cast/v4/v4_villain_shojo_006.webp,c55336996091d16bfee8d0ee1f03e72ad6629c1819da2ed78ea471c54788a9c2
v4_villain_shojo_007,cast/v4/v4_villain_shojo_007.webp,d4a1ec4d1d4beaf8ae898c478c9ec9afb2e8347ab78ef15cba9c02e95194a87b
v4_villain_shojo_008,cast/v4/v4_villain_shojo_008.webp,58fc0ca90b40a03c6b78a66d4d63d50ffd1144460af6aa5748f8da043cc09d9b
v4_villain_shojo_009,cast/v4/v4_villain_shojo_009.webp,d92b742a9b63f780482d2523ea953340a6bbe40ecdf67db8080bc3d2cc17c53b
v4_villain_shojo_010,cast/v4/v4_villain_shojo_010.webp,1f307f59454631fa4f79c2fa197d034b7df018c60cb8b7cf282160c774a5eead
v4_villain_shojo_011,cast/v4/v4_villain_shojo_011.webp,e33e575829327bf38242f074f5b47feb61877aa75e4ad439404f2ef399cb60ab
v4_villain_shojo_012,cast/v4/v4_villain_shojo_012.webp,f9d6fe61c51b2c36c0c0868a53c00df6e06c827e3f2a7bc3181dfc489da65dee
v4_villain_shojo_013,cast/v4/v4_villain_shojo_013.webp,1085b8065ea4854605f06b54aaa316668ec1b5617e296fd7edb1b17c0ef8940f
v4_villain_shojo_014,cast/v4/v4_villain_shojo_014.webp,c16cf9d7668f0bc743fed289c8f8a0defdfb07fdc7190ac7793c51be12e12eda
v4_villain_shojo_015,cast/v4/v4_villain_shojo_015.webp,2e92e451af723b5f4d3fa5903a20a4939dcba9d0fb07813e835e1f7c21deea9c
v4_villain_shojo_016,cast/v4/v4_villain_shojo_016.webp,074dc86bf07b18316155f172faf700d90c70bce1e5090a87aa7399daa15d419e
v4_villain_shojo_017,cast/v4/v4_villain_shojo_017.webp,6e701106b9850572f1efb0817270514201498dde58cf73031a4cd3b2f3d47eca
v4_villain_shojo_018,cast/v4/v4_villain_shojo_018.webp,480c1511031c06638030d17f91b38525bdc6331e45832fc884d8384658c7fa36
v4_villain_shojo_019,cast/v4/v4_villain_shojo_019.webp,ce54a22781473a4a7fccd2d57b35fad989cbb8eeb765d41388edf32f79f6f6aa
v4_villain_shojo_020,cast/v4/v4_villain_shojo_020.webp,10fb57cedb79067012f8c4f0cc54eb882e2a18039c9b4215121ec95e030306c2
v4_villain_shojo_021,cast/v4/v4_villain_shojo_021.webp,349f93f008d7aee789a6ddff22d8fd4b94812da6829297cc988d0877ea8ff60b
v4_villain_shojo_022,cast/v4/v4_villain_shojo_022.webp,e27ccac40be2a7d79df6f2621fac8de24d8e5b59fbe3edb9e3602080ebc32f72
v4_villain_shojo_023,cast/v4/v4_villain_shojo_023.webp,8de86ae21981e12b76ce0f66247a5b1ed4310ab7685e6f99ce516fd43e61a20a
v4_villain_shojo_024,cast/v4/v4_villain_shojo_024.webp,0ae0d71d2bbf4b03bc5b48a148e464456e8ea25579ca65f310f40f5f2d8ac7b0
v4_villain_shojo_025,cast/v4/v4_villain_shojo_025.webp,c82c154af54624029f76764f07624a632a999878ddac6b5d9d517abf4e8293af
v4_villain_shojo_026,cast/v4/v4_villain_shojo_026.webp,e1bd8180158175fc6125e4734149845839d0bdef45107c1669f5091747cf9496
v4_villain_shojo_027,cast/v4/v4_villain_shojo_027.webp,9c3a86ed4d714a0cbea6707577baa2b7797bf961779c5d4b949b1f1b646b5f51
v4_villain_shojo_028,cast/v4/v4_villain_shojo_028.webp,6af31c146dd8fa353cb7092a21a2432d22e4288a278a3561050b1259f4f775c4
v4_villain_shojo_029,cast/v4/v4_villain_shojo_029.webp,831f47db98ee4e1e6d8dc8eebfb294b2ebb215774ebad3141614250f1c2782e5
v4_villain_shojo_030,cast/v4/v4_villain_shojo_030.webp,4f8b6c088fc72026c0186f6d64e6cf0819f5fc89e65516dcaa5a4cc5e0f9301a
v4_villain_shojo_031,cast/v4/v4_villain_shojo_031.webp,81c8347e9c66f361db807789b06b8bf58070f2edfa7e9ecec4574bc6172ae4fb
v4_villain_shojo_032,cast/v4/v4_villain_shojo_032.webp,dfd428a998fe84b5d933391e7f90d022665999114705871323f3d91e8d89e1d6
v4_villain_shojo_033,cast/v4/v4_villain_shojo_033.webp,e635e6676fb8c2e5b28d6c148461e64d7a2c1e28754e80e4b9d2822e6a2d9f4a
v4_villain_shojo_034,cast/v4/v4_villain_shojo_034.webp,39f83c1462ef5679cbedcc1e2ea0cd4e9f8ea0e29f1b2f1b4277360463cf9d40
v4_villain_shojo_035,cast/v4/v4_villain_shojo_035.webp,8a6f8b437356ca6e4e547846e77795401849916cac504a69f5cbac5f6f4c2ecf
v4_villain_shojo_036,cast/v4/v4_villain_shojo_036.webp,1be497126cd550f04e8eff1fa27d1af847d59a6497d75b7804bf8ee4d0d60412
v4_villain_shojo_037,cast/v4/v4_villain_shojo_037.webp,bcab212964d6334febf36e1cd80626fe33e53a288d8e6aa49c63837525eb0ae6
v4_villain_shojo_038,cast/v4/v4_villain_shojo_038.webp,78961eadfa83f0ecab28c7eb10412c36977328c9516dd0cdef0707a931ae2c81
v4_villain_shojo_039,cast/v4/v4_villain_shojo_039.webp,a92ce9f288a0b9aa03dc3ba7ae629f45b5573f56c7c22ce2d5fdafdeba755fcc
v4_villain_shojo_040,cast/v4/v4_villain_shojo_040.webp,906e192caa4a9cd67148c1e56e3bc7546d050e3c9296f99c9ea24e46e71d195b
