"posterSlot","filename","ipId","title","status"
"1","poster_001.webp","ip_001","Crystal Quest: Four Hearts, One Tomorrow","assigned"
"2","poster_002.webp","ip_002","Lifestream Rebellion: A Brighter Tomorrow","assigned"
"3","poster_003.webp","ip_003","Relic of the Wild: Kingdom at Dawn","assigned"
"4","poster_004.webp","ip_004","The Flamebound Heir: A Kingdom Endures","assigned"
"5","poster_005.webp","ip_005","Three Banners Academy","assigned"
"6","poster_006.webp","ip_006","The Black Ledger: A Deadly Mind Game","assigned"
"7","poster_007.webp","ip_007","Solar Fist: A Brighter World","assigned"
"8","poster_008.webp","ip_008","Star Dragon Trail: Beyond Tomorrow","assigned"
"9","poster_009.webp","ip_009","Brotherhood of Brass: Alchemical Dawn","assigned"
"10","poster_010.webp","ip_010","Infernal Requiem: A Brighter Hell","assigned"
"11","poster_011.webp","ip_011","The Nameless Smile","assigned"
"12","poster_012.webp","ip_012","Covenant of Midnight","assigned"
"13","poster_013.webp","ip_013","Battle School Orion","assigned"
"14","poster_014.webp","ip_014","Rising Eleven: From Streets to Stardom","assigned"
"15","poster_015.webp","ip_015","Iron Howlers: Stormfront Mechs","assigned"
"16","poster_016.webp","ip_016","Ash Throne Legion","assigned"
"17","poster_017.webp","ip_017","Starfall Rebellion","assigned"
"18","poster_018.webp","ip_018","Moonlit Maze","assigned"
"19","poster_019.webp","ip_019","Wildspark Quest","assigned"
"20","poster_020.webp","ip_020","Cyber Crests","assigned"
"21","poster_021.webp","ip_021","Soul Tide","assigned"
"22","poster_022.webp","ip_022","Hidden Storm","assigned"
"23","poster_023.webp","ip_023","Grand Horizon Voyage","assigned"
"24","poster_024.webp","ip_024","Tidebreak Champions","assigned"
"25","poster_025.webp","ip_025","War of Three Banners","assigned"
"26","poster_026.webp","ip_026","A Pocketful of Tomorrows","assigned"
"27","poster_027.webp","ip_027","Ashfall Dominion","assigned"
"28","poster_028.webp","ip_028","Northern Oath","assigned"
"29","poster_029.webp","ip_029","Snowbound Hunger","assigned"
"30","poster_030.webp","ip_030","Radio Rebels","assigned"
"31","poster_031.webp","ip_031","Midnight Soul Run","assigned"
"32","poster_032.webp","ip_032","The Seventh Trace","assigned"
"33","poster_033.webp","ip_033","Lineup of Shadows","assigned"
"34","poster_034.webp","ip_034","Velvet Appetite","assigned"
"35","poster_035.webp","ip_035","Crestfall Dominion","assigned"
"36","poster_036.webp","ip_036","The Hidden Striker","assigned"
"37","poster_037.webp","ip_037","The Final Ronin","assigned"
"38","poster_038.webp","ip_038","Retro Newsroom","assigned"
"39","poster_039.webp","ip_039","The Devourer Queen","assigned"
"40","poster_040.webp","ip_040","Awakened","assigned"
"41","poster_041.webp","ip_041","Beyond the Veil","assigned"
"42","poster_042.webp","ip_042","Phantom Arsenal","assigned"
"43","poster_043.webp","ip_043","Velvet Shade","assigned"
"44","poster_044.webp","ip_044","Whisper Society","assigned"
"45","poster_045.webp","ip_045","Golden Coast","assigned"
"46","poster_046.webp","ip_046","Crown of Embers","assigned"
"47","poster_047.webp","ip_047","Wheel of Ages","assigned"
"48","poster_048.webp","ip_048","Rogue Rhythm Ronin","assigned"
"49","poster_049.webp","ip_049","Starlight Outlaws","assigned"
"50","poster_050.webp","ip_050","The Black Spire","assigned"
"51","poster_051.webp","ip_051","Rising Tempest","assigned"
"52","poster_052.webp","ip_052","Sunwheel Exiles","assigned"
"53","poster_053.webp","ip_053","Whisper Keyhouse","assigned"
"54","poster_054.webp","ip_054","Thornwall Abbey","assigned"
"55","poster_055.webp","ip_055","Dungeon Banquet","assigned"
"56","poster_056.webp","ip_056","Inferno Kitchen","assigned"
"57","poster_057.webp","ip_057","Feast Challenger","assigned"
"58","poster_058.webp","ip_058","Scarlet Circle","assigned"
"59","poster_059.webp","ip_059","Target Homeroom","assigned"
"60","poster_060.webp","ip_060","Aether Online","assigned"
"61","poster_061.webp","ip_061","Spiral Tide","assigned"
"62","poster_062.webp","ip_062","Black File","assigned"
"63","poster_063.webp","ip_063","Plastic Kingdom","assigned"
"64","poster_064.webp","ip_064","Poison Petals","assigned"
"65","poster_065.webp","ip_065","Winter Maw","assigned"
"66","poster_066.webp","ip_066","Thousand Bad Ends","assigned"
"67","poster_067.webp","ip_067","Starspark Stunt","assigned"
"68","poster_068.webp","ip_068","Shadowmaw","assigned"
"69","poster_069.webp","ip_069","Stormheart Castle","assigned"
"70","poster_070.webp","ip_070","Sword and Rose","assigned"
"71","poster_071.webp","ip_071","Lionheart War","assigned"
"72","poster_072.webp","ip_072","The Obsidian Archive","assigned"
"73","poster_073.webp","ip_073","500 Days of Sunlight","assigned"
"74","poster_074.webp","ip_074","Moonstake Hunter","assigned"
"75","poster_075.webp","ip_075","Parasol Academy","assigned"
"76","poster_076.webp","ip_076","Starbound Slumber","assigned"
"77","poster_077.webp","ip_077","Silicon Heart","assigned"
"78","poster_078.webp","ip_078","The Last Letter","assigned"
"79","poster_079.webp","ip_079","Hidden Dragon Moon","assigned"
"80","poster_080.webp","ip_080","Bullet Requiem","assigned"
"81","poster_081.webp","ip_081","Skyshard Chronicle","assigned"
"82","poster_082.webp","ip_082","Bramble & Beak","assigned"
"83","poster_083.webp","ip_083","Scarlet Tail","assigned"
"84","poster_084.webp","ip_084","Mindgate Zero","assigned"
"85","poster_085.webp","ip_085","Sea of the Second Sun","assigned"
"86","poster_086.webp","ip_086","Ashen Mile","assigned"
"87","poster_087.webp","ip_087","Tideborn Drift","assigned"
"88","poster_088.webp","ip_088","Townlight Rhythm","assigned"
"89","poster_089.webp","ip_089","Autumn Chalkheart","assigned"
"90","poster_090.webp","ip_090","Paper Constellations","assigned"
"91","poster_091.webp","ip_091","Golden Whistle","assigned"
"92","poster_092.webp","ip_092","Primate Panic","assigned"
"93","poster_093.webp","ip_093","Ashfall Junction","assigned"
"94","poster_094.webp","ip_094","Smile Trigger","assigned"
"95","poster_095.webp","ip_095","Wings of Yesterday","assigned"
"96","poster_096.webp","ip_096","Desert Formula","assigned"
"97","poster_097.webp","ip_097","The Last Windkeeper","assigned"
"98","poster_098.webp","ip_098","Aether Divide","assigned"
"99","poster_099.webp","ip_099","Starwind Outlaws","assigned"
"100","poster_100.webp","ip_100","Pine Veil","assigned"
"101","poster_101.webp","ip_101","Ember Standard","assigned"
"102","poster_102.webp","ip_102","The Dawnward Company","assigned"
"103","poster_103.webp","ip_103","Backstreet Amplifier","assigned"
"104","poster_104.webp","ip_104","Azure Infernal: The Elder Blade","assigned"
"105","poster_105.webp","ip_105","The Bloom Beyond","assigned"
"106","poster_106.webp","ip_106","The Saffron Sign","assigned"
"107","poster_107.webp","ip_107","Solarwake Treasure","assigned"
"108","poster_108.webp","ip_108","Neon Debt 2088","assigned"
"109","poster_109.webp","ip_109","Last Train Partners","assigned"
"110","poster_110.webp","ip_110","The Wind's True Name","assigned"
"111","poster_111.webp","ip_111","Oathstorm Chronicle","assigned"
"112","poster_112.webp","ip_112","Blackblade Pilgrimage","assigned"
"113","poster_113.webp","ip_113","Blue Horizon: The Devouring Fleet","assigned"
"114","poster_114.webp","ip_114","Wildcode Partners","assigned"
"115","poster_115.webp","ip_115","The Lynxbound Contract","assigned"
"116","poster_116.webp","ip_116","The Quiet King's Secret","assigned"
"117","poster_117.webp","ip_117","Seven Winds of Saffron","assigned"
"118","poster_118.webp","ip_118","Two Voices, One Street","assigned"
"119","poster_119.webp","ip_119","Velvet Comet Cabaret","assigned"
"120","poster_120.webp","ip_120","Notes from the Tour Bus","assigned"
"121","poster_121.webp","ip_121","The Harbour Tape","assigned"
"122","poster_122.webp","ip_122","Colossus Redline","assigned"
"123","poster_123.webp","ip_123","Chitinfront Cadets","assigned"
"124","poster_124.webp","ip_124","The Other Crown","assigned"
"125","poster_125.webp","ip_125","Kinship of the Skybeasts","assigned"
"126","poster_126.webp","ip_126","My Boss Has Fangs","assigned"
"127","poster_127.webp","ip_127","Ten Reasons to Stay","assigned"
"128","poster_128.webp","ip_128","Last Bell: Evacuation","assigned"
"129","poster_129.webp","ip_129","Midnight Travelling Show","assigned"
"130","poster_130.webp","ip_130","Thirty Sunless Nights","assigned"
"131","poster_131.webp","ip_131","Chrome Chapel","assigned"
"132","poster_132.webp","ip_132","The Scarlet Tracker","assigned"
"133","poster_133.webp","ip_133","The Last Bookshop Secret","assigned"
"134","poster_134.webp","ip_134","Children of the Storm Court","assigned"
"135","poster_135.webp","ip_135","Synthetic Witness","assigned"
"136","poster_136.webp","ip_136","Salt Roads and Spellfire","assigned"
"137","poster_137.webp","ip_137","The Brasswood Realms","assigned"
