id,role,type,visibleAff,hiddenAff,pairEdges,existingGapsSupplied,firstAssignedGaps
cv3_lead_001,protag,shonen,"[""comedy"", ""cooking""]",pirate,"[""comedy|cooking"", ""comedy|pirate"", ""cooking|pirate""]","[""comedy|cooking"", ""comedy|pirate"", ""cooking|pirate""]","[""comedy|cooking"", ""comedy|pirate"", ""cooking|pirate""]"
cv3_lead_002,protag,shonen,"[""cooking"", ""space""]",comedy,"[""comedy|cooking"", ""comedy|space"", ""cooking|space""]","[""comedy|cooking"", ""comedy|space"", ""cooking|space""]","[""comedy|space"", ""cooking|space""]"
cv3_lead_003,protag,shonen,"[""shinobi"", ""comedy""]",magical,"[""comedy|magical"", ""comedy|shinobi"", ""magical|shinobi""]","[""comedy|magical"", ""comedy|shinobi"", ""magical|shinobi""]","[""comedy|magical"", ""comedy|shinobi"", ""magical|shinobi""]"
cv3_lead_004,protag,shonen,"[""mecha"", ""comedy""]",sports,"[""comedy|mecha"", ""comedy|sports"", ""mecha|sports""]","[""comedy|mecha"", ""comedy|sports"", ""mecha|sports""]","[""comedy|mecha"", ""comedy|sports"", ""mecha|sports""]"
cv3_lead_005,protag,shonen,"[""military"", ""mystery""]",comedy,"[""comedy|military"", ""comedy|mystery"", ""military|mystery""]","[""comedy|military"", ""comedy|mystery"", ""military|mystery""]","[""comedy|military"", ""comedy|mystery"", ""military|mystery""]"
cv3_lead_006,protag,shonen,"[""slice"", ""comedy""]",romance,"[""comedy|romance"", ""comedy|slice"", ""romance|slice""]","[""comedy|romance"", ""comedy|slice"", ""romance|slice""]","[""comedy|romance"", ""comedy|slice"", ""romance|slice""]"
cv3_lead_007,protag,shonen,"[""samurai"", ""comedy""]",supernatural,"[""comedy|samurai"", ""comedy|supernatural"", ""samurai|supernatural""]","[""comedy|samurai"", ""comedy|supernatural"", ""samurai|supernatural""]","[""comedy|samurai"", ""comedy|supernatural"", ""samurai|supernatural""]"
cv3_lead_008,protag,shonen,"[""cyber"", ""supernatural""]",cooking,"[""cooking|cyber"", ""cooking|supernatural"", ""cyber|supernatural""]","[""cooking|cyber"", ""cooking|supernatural"", ""cyber|supernatural""]","[""cooking|cyber"", ""cooking|supernatural"", ""cyber|supernatural""]"
cv3_lead_009,protag,shonen,"[""idol"", ""cooking""]",fantasy,"[""cooking|fantasy"", ""cooking|idol"", ""fantasy|idol""]","[""cooking|fantasy"", ""cooking|idol"", ""fantasy|idol""]","[""cooking|fantasy"", ""cooking|idol"", ""fantasy|idol""]"
cv3_lead_010,protag,shonen,"[""shinobi"", ""cooking""]",mystery,"[""cooking|mystery"", ""cooking|shinobi"", ""mystery|shinobi""]","[""cooking|mystery"", ""cooking|shinobi"", ""mystery|shinobi""]","[""cooking|mystery"", ""cooking|shinobi"", ""mystery|shinobi""]"
cv3_lead_011,protag,shonen,"[""samurai"", ""cooking""]",mythology,"[""cooking|mythology"", ""cooking|samurai"", ""mythology|samurai""]","[""cooking|mythology"", ""cooking|samurai"", ""mythology|samurai""]","[""cooking|mythology"", ""cooking|samurai"", ""mythology|samurai""]"
cv3_lead_012,protag,shonen,"[""romance"", ""cooking""]",nordic,"[""cooking|nordic"", ""cooking|romance"", ""nordic|romance""]","[""cooking|nordic"", ""cooking|romance"", ""nordic|romance""]","[""cooking|nordic"", ""cooking|romance"", ""nordic|romance""]"
cv3_lead_013,protag,shonen,"[""cyber"", ""fantasy""]",sports,"[""cyber|fantasy"", ""cyber|sports"", ""fantasy|sports""]","[""cyber|fantasy"", ""cyber|sports"", ""fantasy|sports""]","[""cyber|fantasy"", ""cyber|sports"", ""fantasy|sports""]"
cv3_lead_014,protag,shonen,"[""isekai"", ""survival""]",cyber,"[""cyber|isekai"", ""cyber|survival"", ""isekai|survival""]","[""cyber|isekai"", ""cyber|survival"", ""isekai|survival""]","[""cyber|isekai"", ""cyber|survival"", ""isekai|survival""]"
cv3_lead_015,protag,shonen,"[""samurai"", ""cyber""]",pirate,"[""cyber|pirate"", ""cyber|samurai"", ""pirate|samurai""]","[""cyber|pirate"", ""cyber|samurai"", ""pirate|samurai""]","[""cyber|pirate"", ""cyber|samurai"", ""pirate|samurai""]"
cv3_lead_016,protag,shonen,"[""shinobi"", ""cyber""]",space,"[""cyber|shinobi"", ""cyber|space"", ""shinobi|space""]","[""cyber|shinobi"", ""cyber|space"", ""shinobi|space""]","[""cyber|shinobi"", ""cyber|space"", ""shinobi|space""]"
cv3_lead_017,protag,shonen,"[""idol"", ""supernatural""]",fantasy,"[""fantasy|idol"", ""fantasy|supernatural"", ""idol|supernatural""]","[""fantasy|idol"", ""fantasy|supernatural"", ""idol|supernatural""]","[""fantasy|supernatural"", ""idol|supernatural""]"
cv3_lead_018,protag,shonen,"[""slice"", ""fantasy""]",magical,"[""fantasy|magical"", ""fantasy|slice"", ""magical|slice""]","[""fantasy|magical"", ""fantasy|slice"", ""magical|slice""]","[""fantasy|magical"", ""fantasy|slice"", ""magical|slice""]"
cv3_lead_019,protag,shonen,"[""samurai"", ""fantasy""]",space,"[""fantasy|samurai"", ""fantasy|space"", ""samurai|space""]","[""fantasy|samurai"", ""fantasy|space"", ""samurai|space""]","[""fantasy|samurai"", ""fantasy|space"", ""samurai|space""]"
cv3_lead_020,protag,shonen,"[""shinobi"", ""fantasy""]",survival,"[""fantasy|shinobi"", ""fantasy|survival"", ""shinobi|survival""]","[""fantasy|shinobi"", ""fantasy|survival"", ""shinobi|survival""]","[""fantasy|shinobi"", ""fantasy|survival"", ""shinobi|survival""]"
cv3_lead_021,protag,shonen,"[""shinobi"", ""horror""]",isekai,"[""horror|isekai"", ""horror|shinobi"", ""isekai|shinobi""]","[""horror|isekai"", ""horror|shinobi"", ""isekai|shinobi""]","[""horror|isekai"", ""horror|shinobi"", ""isekai|shinobi""]"
cv3_lead_022,protag,shonen,"[""samurai"", ""horror""]",magical,"[""horror|magical"", ""horror|samurai"", ""magical|samurai""]","[""horror|magical"", ""horror|samurai"", ""magical|samurai""]","[""horror|magical"", ""horror|samurai"", ""magical|samurai""]"
cv3_lead_023,protag,shonen,"[""magical"", ""supernatural""]",horror,"[""horror|magical"", ""horror|supernatural"", ""magical|supernatural""]","[""horror|magical"", ""horror|supernatural"", ""magical|supernatural""]","[""horror|supernatural"", ""magical|supernatural""]"
cv3_lead_024,protag,shonen,"[""military"", ""horror""]",martial,"[""horror|martial"", ""horror|military"", ""martial|military""]","[""horror|martial"", ""horror|military""]","[""horror|martial"", ""horror|military""]"
cv3_lead_025,protag,shonen,"[""horror"", ""mythology""]",pirate,"[""horror|mythology"", ""horror|pirate"", ""mythology|pirate""]","[""horror|mythology"", ""horror|pirate"", ""mythology|pirate""]","[""horror|mythology"", ""horror|pirate"", ""mythology|pirate""]"
cv3_lead_026,protag,shonen,"[""slice"", ""space""]",horror,"[""horror|slice"", ""horror|space"", ""slice|space""]","[""horror|slice"", ""horror|space"", ""slice|space""]","[""horror|slice"", ""horror|space"", ""slice|space""]"
cv3_lead_027,protag,shojo,"[""samurai"", ""idol""]",nordic,"[""idol|nordic"", ""idol|samurai"", ""nordic|samurai""]","[""idol|nordic"", ""idol|samurai"", ""nordic|samurai""]","[""idol|nordic"", ""idol|samurai"", ""nordic|samurai""]"
cv3_lead_028,protag,shojo,"[""shinobi"", ""idol""]",slice,"[""idol|shinobi"", ""idol|slice"", ""shinobi|slice""]","[""idol|shinobi"", ""idol|slice"", ""shinobi|slice""]","[""idol|shinobi"", ""idol|slice"", ""shinobi|slice""]"
cv3_lead_029,protag,shojo,"[""mecha"", ""samurai""]",isekai,"[""isekai|mecha"", ""isekai|samurai"", ""mecha|samurai""]","[""isekai|mecha"", ""isekai|samurai"", ""mecha|samurai""]","[""isekai|mecha"", ""isekai|samurai"", ""mecha|samurai""]"
cv3_lead_030,protag,shojo,"[""sports"", ""isekai""]",mystery,"[""isekai|mystery"", ""isekai|sports"", ""mystery|sports""]","[""isekai|mystery"", ""isekai|sports"", ""mystery|sports""]","[""isekai|mystery"", ""isekai|sports"", ""mystery|sports""]"
cv3_lead_031,protag,shojo,"[""isekai"", ""slice""]",supernatural,"[""isekai|slice"", ""isekai|supernatural"", ""slice|supernatural""]","[""isekai|slice"", ""isekai|supernatural"", ""slice|supernatural""]","[""isekai|slice"", ""isekai|supernatural"", ""slice|supernatural""]"
cv3_lead_032,protag,shojo,"[""space"", ""supernatural""]",isekai,"[""isekai|space"", ""isekai|supernatural"", ""space|supernatural""]","[""isekai|space"", ""isekai|supernatural"", ""space|supernatural""]","[""isekai|space"", ""space|supernatural""]"
cv3_lead_033,protag,shojo,"[""survival"", ""magical""]",mythology,"[""magical|mythology"", ""magical|survival"", ""mythology|survival""]","[""magical|mythology"", ""magical|survival"", ""mythology|survival""]","[""magical|mythology"", ""magical|survival"", ""mythology|survival""]"
cv3_lead_034,protag,shojo,"[""magical"", ""nordic""]",pirate,"[""magical|nordic"", ""magical|pirate"", ""nordic|pirate""]","[""magical|nordic"", ""magical|pirate"", ""nordic|pirate""]","[""magical|nordic"", ""magical|pirate"", ""nordic|pirate""]"
cv3_lead_035,protag,shojo,"[""samurai"", ""martial""]",mystery,"[""martial|mystery"", ""martial|samurai"", ""mystery|samurai""]","[""martial|mystery"", ""martial|samurai"", ""mystery|samurai""]","[""martial|mystery"", ""martial|samurai"", ""mystery|samurai""]"
cv3_lead_036,protag,shojo,"[""shinobi"", ""martial""]",supernatural,"[""martial|shinobi"", ""martial|supernatural"", ""shinobi|supernatural""]","[""martial|shinobi"", ""martial|supernatural"", ""shinobi|supernatural""]","[""martial|shinobi"", ""martial|supernatural"", ""shinobi|supernatural""]"
cv3_lead_037,protag,shojo,"[""mecha"", ""shinobi""]",mythology,"[""mecha|mythology"", ""mecha|shinobi"", ""mythology|shinobi""]","[""mecha|mythology"", ""mecha|shinobi"", ""mythology|shinobi""]","[""mecha|mythology"", ""mecha|shinobi"", ""mythology|shinobi""]"
cv3_lead_038,protag,shojo,"[""mecha"", ""pirate""]",supernatural,"[""mecha|pirate"", ""mecha|supernatural"", ""pirate|supernatural""]","[""mecha|pirate"", ""mecha|supernatural"", ""pirate|supernatural""]","[""mecha|pirate"", ""mecha|supernatural"", ""pirate|supernatural""]"
cv3_lead_039,protag,shojo,"[""nordic"", ""military""]",mythology,"[""military|mythology"", ""military|nordic"", ""mythology|nordic""]","[""military|mythology"", ""military|nordic"", ""mythology|nordic""]","[""military|mythology"", ""military|nordic"", ""mythology|nordic""]"
cv3_lead_040,protag,shojo,"[""shinobi"", ""military""]",pirate,"[""military|pirate"", ""military|shinobi"", ""pirate|shinobi""]","[""military|pirate"", ""military|shinobi"", ""pirate|shinobi""]","[""military|pirate"", ""military|shinobi"", ""pirate|shinobi""]"
cv3_lead_041,protag,shojo,"[""samurai"", ""military""]",slice,"[""military|samurai"", ""military|slice"", ""samurai|slice""]","[""military|samurai"", ""military|slice"", ""samurai|slice""]","[""military|samurai"", ""military|slice"", ""samurai|slice""]"
cv3_lead_042,protag,shojo,"[""survival"", ""mystery""]",space,"[""mystery|space"", ""mystery|survival"", ""space|survival""]","[""mystery|space"", ""mystery|survival"", ""space|survival""]","[""mystery|space"", ""mystery|survival"", ""space|survival""]"
cv3_lead_043,protag,shojo,"[""nordic"", ""pirate""]",space,"[""nordic|pirate"", ""nordic|space"", ""pirate|space""]","[""nordic|pirate"", ""nordic|space"", ""pirate|space""]","[""nordic|space"", ""pirate|space""]"
cv3_lead_044,protag,shojo,"[""shinobi"", ""nordic""]",sports,"[""nordic|shinobi"", ""nordic|sports"", ""shinobi|sports""]","[""nordic|shinobi"", ""nordic|sports"", ""shinobi|sports""]","[""nordic|shinobi"", ""nordic|sports"", ""shinobi|sports""]"
cv3_lead_045,protag,shojo,"[""samurai"", ""shinobi""]",romance,"[""romance|samurai"", ""romance|shinobi"", ""samurai|shinobi""]","[""romance|samurai"", ""romance|shinobi"", ""samurai|shinobi""]","[""romance|samurai"", ""romance|shinobi"", ""samurai|shinobi""]"
cv3_lead_046,protag,shojo,"[""samurai"", ""sports""]",survival,"[""samurai|sports"", ""samurai|survival"", ""sports|survival""]","[""samurai|sports"", ""samurai|survival"", ""sports|survival""]","[""samurai|sports"", ""samurai|survival"", ""sports|survival""]"
cv3_lead_047,protag,shojo,"[""samurai"", ""shinobi""]",martial,"[""martial|samurai"", ""martial|shinobi"", ""samurai|shinobi""]","[""martial|samurai"", ""martial|shinobi"", ""samurai|shinobi""]",[]
cv3_lead_048,protag,shojo,"[""mecha"", ""samurai""]",shinobi,"[""mecha|samurai"", ""mecha|shinobi"", ""samurai|shinobi""]","[""mecha|samurai"", ""mecha|shinobi"", ""samurai|shinobi""]",[]
cv3_lead_049,protag,shojo,"[""samurai"", ""romance""]",slice,"[""romance|samurai"", ""romance|slice"", ""samurai|slice""]","[""romance|samurai"", ""romance|slice"", ""samurai|slice""]",[]
cv3_lead_050,protag,shojo,"[""shinobi"", ""cooking""]",slice,"[""cooking|shinobi"", ""cooking|slice"", ""shinobi|slice""]","[""cooking|shinobi"", ""shinobi|slice""]",[]
cv3_lead_051,protag,shojo,"[""samurai"", ""nordic""]",survival,"[""nordic|samurai"", ""nordic|survival"", ""samurai|survival""]","[""nordic|samurai"", ""samurai|survival""]",[]
cv3_lead_052,protag,shojo,"[""shinobi"", ""idol""]",sports,"[""idol|shinobi"", ""idol|sports"", ""shinobi|sports""]","[""idol|shinobi"", ""shinobi|sports""]",[]
cv3_sidekick_001,secondary,shonen,"[""comedy"", ""cooking""]",slice,"[""comedy|cooking"", ""comedy|slice"", ""cooking|slice""]","[""comedy|cooking"", ""comedy|slice"", ""cooking|slice""]","[""comedy|cooking"", ""comedy|slice"", ""cooking|slice""]"
cv3_sidekick_002,secondary,shonen,"[""cyber"", ""isekai""]",comedy,"[""comedy|cyber"", ""comedy|isekai"", ""cyber|isekai""]","[""comedy|cyber"", ""comedy|isekai"", ""cyber|isekai""]","[""comedy|cyber"", ""comedy|isekai"", ""cyber|isekai""]"
cv3_sidekick_003,secondary,shonen,"[""military"", ""comedy""]",fantasy,"[""comedy|fantasy"", ""comedy|military"", ""fantasy|military""]","[""comedy|fantasy"", ""comedy|military"", ""fantasy|military""]","[""comedy|fantasy"", ""comedy|military"", ""fantasy|military""]"
cv3_sidekick_004,secondary,shonen,"[""comedy"", ""nordic""]",romance,"[""comedy|nordic"", ""comedy|romance"", ""nordic|romance""]","[""comedy|nordic"", ""nordic|romance""]","[""comedy|nordic"", ""nordic|romance""]"
cv3_sidekick_005,secondary,shonen,"[""shinobi"", ""comedy""]",pirate,"[""comedy|pirate"", ""comedy|shinobi"", ""pirate|shinobi""]","[""comedy|pirate"", ""comedy|shinobi"", ""pirate|shinobi""]","[""comedy|pirate"", ""comedy|shinobi"", ""pirate|shinobi""]"
cv3_sidekick_006,secondary,shonen,"[""samurai"", ""comedy""]",supernatural,"[""comedy|samurai"", ""comedy|supernatural"", ""samurai|supernatural""]","[""comedy|samurai"", ""comedy|supernatural"", ""samurai|supernatural""]","[""comedy|samurai"", ""comedy|supernatural"", ""samurai|supernatural""]"
cv3_sidekick_007,secondary,shonen,"[""cooking"", ""horror""]",isekai,"[""cooking|horror"", ""cooking|isekai"", ""horror|isekai""]","[""cooking|horror"", ""cooking|isekai"", ""horror|isekai""]","[""cooking|horror"", ""cooking|isekai"", ""horror|isekai""]"
cv3_sidekick_008,secondary,shonen,"[""shinobi"", ""cooking""]",idol,"[""cooking|idol"", ""cooking|shinobi"", ""idol|shinobi""]","[""cooking|idol"", ""cooking|shinobi"", ""idol|shinobi""]","[""cooking|idol"", ""cooking|shinobi"", ""idol|shinobi""]"
cv3_sidekick_009,secondary,shonen,"[""romance"", ""cooking""]",magical,"[""cooking|magical"", ""cooking|romance"", ""magical|romance""]","[""cooking|magical"", ""cooking|romance"", ""magical|romance""]","[""cooking|magical"", ""cooking|romance"", ""magical|romance""]"
cv3_sidekick_010,secondary,shonen,"[""cooking"", ""martial""]",pirate,"[""cooking|martial"", ""cooking|pirate"", ""martial|pirate""]","[""cooking|martial"", ""cooking|pirate"", ""martial|pirate""]","[""cooking|martial"", ""cooking|pirate"", ""martial|pirate""]"
cv3_sidekick_011,secondary,shonen,"[""mystery"", ""survival""]",cooking,"[""cooking|mystery"", ""cooking|survival"", ""mystery|survival""]","[""cooking|mystery"", ""cooking|survival"", ""mystery|survival""]","[""cooking|mystery"", ""cooking|survival"", ""mystery|survival""]"
cv3_sidekick_012,secondary,shonen,"[""samurai"", ""cooking""]",sports,"[""cooking|samurai"", ""cooking|sports"", ""samurai|sports""]","[""cooking|samurai"", ""cooking|sports"", ""samurai|sports""]","[""cooking|samurai"", ""cooking|sports"", ""samurai|sports""]"
cv3_sidekick_013,secondary,shonen,"[""cyber"", ""fantasy""]",idol,"[""cyber|fantasy"", ""cyber|idol"", ""fantasy|idol""]","[""cyber|fantasy"", ""fantasy|idol""]","[""cyber|fantasy"", ""fantasy|idol""]"
cv3_sidekick_014,secondary,shonen,"[""horror"", ""mythology""]",cyber,"[""cyber|horror"", ""cyber|mythology"", ""horror|mythology""]","[""cyber|horror"", ""cyber|mythology"", ""horror|mythology""]","[""cyber|horror"", ""cyber|mythology"", ""horror|mythology""]"
cv3_sidekick_015,secondary,shonen,"[""shinobi"", ""cyber""]",martial,"[""cyber|martial"", ""cyber|shinobi"", ""martial|shinobi""]","[""cyber|martial"", ""cyber|shinobi"", ""martial|shinobi""]","[""cyber|martial"", ""cyber|shinobi"", ""martial|shinobi""]"
cv3_sidekick_016,secondary,shonen,"[""cyber"", ""nordic""]",sports,"[""cyber|nordic"", ""cyber|sports"", ""nordic|sports""]","[""cyber|nordic"", ""cyber|sports"", ""nordic|sports""]","[""cyber|nordic"", ""cyber|sports"", ""nordic|sports""]"
cv3_sidekick_017,secondary,shonen,"[""pirate"", ""space""]",cyber,"[""cyber|pirate"", ""cyber|space"", ""pirate|space""]","[""cyber|pirate"", ""cyber|space"", ""pirate|space""]","[""cyber|pirate"", ""cyber|space"", ""pirate|space""]"
cv3_sidekick_018,secondary,shonen,"[""samurai"", ""cyber""]",slice,"[""cyber|samurai"", ""cyber|slice"", ""samurai|slice""]","[""cyber|samurai"", ""cyber|slice"", ""samurai|slice""]","[""cyber|samurai"", ""cyber|slice"", ""samurai|slice""]"
cv3_sidekick_019,secondary,shonen,"[""cyber"", ""supernatural""]",survival,"[""cyber|supernatural"", ""cyber|survival"", ""supernatural|survival""]","[""cyber|supernatural"", ""cyber|survival"", ""supernatural|survival""]","[""cyber|supernatural"", ""cyber|survival"", ""supernatural|survival""]"
cv3_sidekick_020,secondary,shonen,"[""horror"", ""magical""]",fantasy,"[""fantasy|horror"", ""fantasy|magical"", ""horror|magical""]","[""fantasy|horror"", ""fantasy|magical"", ""horror|magical""]","[""fantasy|horror"", ""fantasy|magical"", ""horror|magical""]"
cv3_sidekick_021,secondary,shonen,"[""samurai"", ""fantasy""]",martial,"[""fantasy|martial"", ""fantasy|samurai"", ""martial|samurai""]","[""fantasy|martial"", ""fantasy|samurai"", ""martial|samurai""]","[""fantasy|martial"", ""fantasy|samurai"", ""martial|samurai""]"
cv3_sidekick_022,secondary,shonen,"[""shinobi"", ""fantasy""]",mystery,"[""fantasy|mystery"", ""fantasy|shinobi"", ""mystery|shinobi""]","[""fantasy|mystery"", ""fantasy|shinobi"", ""mystery|shinobi""]","[""fantasy|mystery"", ""fantasy|shinobi"", ""mystery|shinobi""]"
cv3_sidekick_023,secondary,shonen,"[""mythology"", ""space""]",fantasy,"[""fantasy|mythology"", ""fantasy|space"", ""mythology|space""]","[""fantasy|mythology"", ""mythology|space""]","[""fantasy|mythology"", ""mythology|space""]"
cv3_sidekick_024,secondary,shonen,"[""space"", ""horror""]",martial,"[""horror|martial"", ""horror|space"", ""martial|space""]","[""horror|martial"", ""horror|space"", ""martial|space""]","[""horror|martial"", ""horror|space"", ""martial|space""]"
cv3_sidekick_025,secondary,shonen,"[""shinobi"", ""horror""]",military,"[""horror|military"", ""horror|shinobi"", ""military|shinobi""]","[""horror|military"", ""horror|shinobi"", ""military|shinobi""]","[""horror|military"", ""horror|shinobi"", ""military|shinobi""]"
cv3_sidekick_026,secondary,shonen,"[""nordic"", ""pirate""]",horror,"[""horror|nordic"", ""horror|pirate"", ""nordic|pirate""]","[""horror|nordic"", ""horror|pirate"", ""nordic|pirate""]","[""horror|nordic"", ""horror|pirate"", ""nordic|pirate""]"
cv3_sidekick_027,secondary,shojo,"[""samurai"", ""horror""]",survival,"[""horror|samurai"", ""horror|survival"", ""samurai|survival""]","[""horror|samurai"", ""horror|survival"", ""samurai|survival""]","[""horror|samurai"", ""horror|survival"", ""samurai|survival""]"
cv3_sidekick_028,secondary,shojo,"[""idol"", ""isekai""]",martial,"[""idol|isekai"", ""idol|martial"", ""isekai|martial""]","[""idol|isekai"", ""idol|martial"", ""isekai|martial""]","[""idol|isekai"", ""idol|martial"", ""isekai|martial""]"
cv3_sidekick_029,secondary,shojo,"[""mecha"", ""samurai""]",idol,"[""idol|mecha"", ""idol|samurai"", ""mecha|samurai""]","[""idol|mecha"", ""idol|samurai"", ""mecha|samurai""]","[""idol|mecha"", ""idol|samurai"", ""mecha|samurai""]"
cv3_sidekick_030,secondary,shojo,"[""space"", ""idol""]",nordic,"[""idol|nordic"", ""idol|space"", ""nordic|space""]","[""idol|nordic"", ""idol|space"", ""nordic|space""]","[""idol|nordic"", ""idol|space"", ""nordic|space""]"
cv3_sidekick_031,secondary,shojo,"[""shinobi"", ""isekai""]",magical,"[""isekai|magical"", ""isekai|shinobi"", ""magical|shinobi""]","[""isekai|magical"", ""isekai|shinobi"", ""magical|shinobi""]","[""isekai|magical"", ""isekai|shinobi"", ""magical|shinobi""]"
cv3_sidekick_032,secondary,shojo,"[""samurai"", ""isekai""]",military,"[""isekai|military"", ""isekai|samurai"", ""military|samurai""]","[""isekai|military"", ""isekai|samurai"", ""military|samurai""]","[""isekai|military"", ""isekai|samurai"", ""military|samurai""]"
cv3_sidekick_033,secondary,shojo,"[""survival"", ""isekai""]",mythology,"[""isekai|mythology"", ""isekai|survival"", ""mythology|survival""]","[""isekai|mythology"", ""isekai|survival""]","[""isekai|mythology"", ""isekai|survival""]"
cv3_sidekick_034,secondary,shojo,"[""isekai"", ""nordic""]",supernatural,"[""isekai|nordic"", ""isekai|supernatural"", ""nordic|supernatural""]","[""isekai|nordic"", ""nordic|supernatural""]","[""isekai|nordic"", ""nordic|supernatural""]"
cv3_sidekick_035,secondary,shojo,"[""martial"", ""supernatural""]",magical,"[""magical|martial"", ""magical|supernatural"", ""martial|supernatural""]","[""magical|martial"", ""magical|supernatural"", ""martial|supernatural""]","[""magical|martial"", ""magical|supernatural"", ""martial|supernatural""]"
cv3_sidekick_036,secondary,shojo,"[""slice"", ""magical""]",mythology,"[""magical|mythology"", ""magical|slice"", ""mythology|slice""]","[""magical|mythology"", ""magical|slice"", ""mythology|slice""]","[""magical|mythology"", ""magical|slice"", ""mythology|slice""]"
cv3_sidekick_037,secondary,shojo,"[""samurai"", ""magical""]",space,"[""magical|samurai"", ""magical|space"", ""samurai|space""]","[""magical|samurai"", ""magical|space"", ""samurai|space""]","[""magical|samurai"", ""magical|space"", ""samurai|space""]"
cv3_sidekick_038,secondary,shojo,"[""mecha"", ""martial""]",military,"[""martial|mecha"", ""martial|military"", ""mecha|military""]","[""martial|mecha"", ""martial|military""]","[""martial|mecha"", ""martial|military""]"
cv3_sidekick_039,secondary,shojo,"[""mecha"", ""pirate""]",romance,"[""mecha|pirate"", ""mecha|romance"", ""pirate|romance""]","[""mecha|pirate"", ""mecha|romance"", ""pirate|romance""]","[""mecha|pirate"", ""mecha|romance"", ""pirate|romance""]"
cv3_sidekick_040,secondary,shojo,"[""mecha"", ""shinobi""]",sports,"[""mecha|shinobi"", ""mecha|sports"", ""shinobi|sports""]","[""mecha|shinobi"", ""mecha|sports"", ""shinobi|sports""]","[""mecha|shinobi"", ""mecha|sports"", ""shinobi|sports""]"
cv3_sidekick_041,secondary,shojo,"[""space"", ""supernatural""]",military,"[""military|space"", ""military|supernatural"", ""space|supernatural""]","[""military|space"", ""military|supernatural"", ""space|supernatural""]","[""military|space"", ""military|supernatural"", ""space|supernatural""]"
cv3_sidekick_042,secondary,shojo,"[""samurai"", ""mystery""]",nordic,"[""mystery|nordic"", ""mystery|samurai"", ""nordic|samurai""]","[""mystery|nordic"", ""mystery|samurai"", ""nordic|samurai""]","[""mystery|nordic"", ""mystery|samurai"", ""nordic|samurai""]"
cv3_sidekick_043,secondary,shojo,"[""shinobi"", ""mythology""]",nordic,"[""mythology|nordic"", ""mythology|shinobi"", ""nordic|shinobi""]","[""mythology|nordic"", ""mythology|shinobi"", ""nordic|shinobi""]","[""mythology|nordic"", ""mythology|shinobi"", ""nordic|shinobi""]"
cv3_sidekick_044,secondary,shojo,"[""samurai"", ""mythology""]",pirate,"[""mythology|pirate"", ""mythology|samurai"", ""pirate|samurai""]","[""mythology|pirate"", ""mythology|samurai"", ""pirate|samurai""]","[""mythology|pirate"", ""mythology|samurai"", ""pirate|samurai""]"
cv3_sidekick_045,secondary,shojo,"[""supernatural"", ""mythology""]",romance,"[""mythology|romance"", ""mythology|supernatural"", ""romance|supernatural""]","[""mythology|romance"", ""mythology|supernatural"", ""romance|supernatural""]","[""mythology|romance"", ""mythology|supernatural"", ""romance|supernatural""]"
cv3_sidekick_046,secondary,shojo,"[""samurai"", ""shinobi""]",romance,"[""romance|samurai"", ""romance|shinobi"", ""samurai|shinobi""]","[""romance|samurai"", ""romance|shinobi"", ""samurai|shinobi""]","[""romance|samurai"", ""romance|shinobi"", ""samurai|shinobi""]"
cv3_sidekick_047,secondary,shojo,"[""shinobi"", ""slice""]",supernatural,"[""shinobi|slice"", ""shinobi|supernatural"", ""slice|supernatural""]","[""shinobi|slice"", ""shinobi|supernatural"", ""slice|supernatural""]","[""shinobi|slice"", ""shinobi|supernatural"", ""slice|supernatural""]"
cv3_sidekick_048,secondary,shojo,"[""shinobi"", ""space""]",survival,"[""shinobi|space"", ""shinobi|survival"", ""space|survival""]","[""shinobi|space"", ""shinobi|survival"", ""space|survival""]","[""shinobi|space"", ""shinobi|survival"", ""space|survival""]"
cv3_sidekick_049,secondary,shojo,"[""samurai"", ""shinobi""]",martial,"[""martial|samurai"", ""martial|shinobi"", ""samurai|shinobi""]","[""martial|samurai"", ""martial|shinobi"", ""samurai|shinobi""]",[]
cv3_sidekick_050,secondary,shojo,"[""mecha"", ""samurai""]",shinobi,"[""mecha|samurai"", ""mecha|shinobi"", ""samurai|shinobi""]","[""mecha|samurai"", ""mecha|shinobi"", ""samurai|shinobi""]",[]
cv3_sidekick_051,secondary,shojo,"[""samurai"", ""romance""]",slice,"[""romance|samurai"", ""romance|slice"", ""samurai|slice""]","[""romance|samurai"", ""samurai|slice""]",[]
cv3_sidekick_052,secondary,shojo,"[""shinobi"", ""cooking""]",survival,"[""cooking|shinobi"", ""cooking|survival"", ""shinobi|survival""]","[""cooking|shinobi"", ""cooking|survival"", ""shinobi|survival""]",[]
cv3_mascot_001,pet,shonen,"[""comedy"", ""cyber""]",idol,"[""comedy|cyber"", ""comedy|idol"", ""cyber|idol""]","[""comedy|cyber"", ""comedy|idol"", ""cyber|idol""]","[""comedy|cyber"", ""comedy|idol"", ""cyber|idol""]"
cv3_mascot_002,pet,shonen,"[""shinobi"", ""comedy""]",fantasy,"[""comedy|fantasy"", ""comedy|shinobi"", ""fantasy|shinobi""]","[""comedy|fantasy"", ""comedy|shinobi"", ""fantasy|shinobi""]","[""comedy|fantasy"", ""comedy|shinobi"", ""fantasy|shinobi""]"
cv3_mascot_003,pet,shonen,"[""isekai"", ""comedy""]",horror,"[""comedy|horror"", ""comedy|isekai"", ""horror|isekai""]","[""comedy|horror"", ""comedy|isekai"", ""horror|isekai""]","[""comedy|horror"", ""comedy|isekai"", ""horror|isekai""]"
cv3_mascot_004,pet,shonen,"[""samurai"", ""comedy""]",isekai,"[""comedy|isekai"", ""comedy|samurai"", ""isekai|samurai""]","[""comedy|isekai"", ""comedy|samurai"", ""isekai|samurai""]","[""comedy|samurai"", ""isekai|samurai""]"
cv3_mascot_005,pet,shonen,"[""magical"", ""romance""]",comedy,"[""comedy|magical"", ""comedy|romance"", ""magical|romance""]","[""comedy|magical"", ""comedy|romance"", ""magical|romance""]","[""comedy|magical"", ""comedy|romance"", ""magical|romance""]"
cv3_mascot_006,pet,shonen,"[""survival"", ""comedy""]",mystery,"[""comedy|mystery"", ""comedy|survival"", ""mystery|survival""]","[""comedy|mystery"", ""comedy|survival"", ""mystery|survival""]","[""comedy|mystery"", ""comedy|survival"", ""mystery|survival""]"
cv3_mascot_007,pet,shonen,"[""cooking"", ""horror""]",martial,"[""cooking|horror"", ""cooking|martial"", ""horror|martial""]","[""cooking|horror"", ""cooking|martial"", ""horror|martial""]","[""cooking|horror"", ""cooking|martial"", ""horror|martial""]"
cv3_mascot_008,pet,shonen,"[""samurai"", ""shinobi""]",cooking,"[""cooking|samurai"", ""cooking|shinobi"", ""samurai|shinobi""]","[""cooking|samurai"", ""cooking|shinobi"", ""samurai|shinobi""]","[""cooking|samurai"", ""cooking|shinobi"", ""samurai|shinobi""]"
cv3_mascot_009,pet,shonen,"[""survival"", ""cooking""]",supernatural,"[""cooking|supernatural"", ""cooking|survival"", ""supernatural|survival""]","[""cooking|supernatural"", ""cooking|survival"", ""supernatural|survival""]","[""cooking|supernatural"", ""cooking|survival"", ""supernatural|survival""]"
cv3_mascot_010,pet,shonen,"[""cyber"", ""fantasy""]",military,"[""cyber|fantasy"", ""cyber|military"", ""fantasy|military""]","[""cyber|fantasy"", ""cyber|military"", ""fantasy|military""]","[""cyber|fantasy"", ""cyber|military"", ""fantasy|military""]"
cv3_mascot_011,pet,shonen,"[""samurai"", ""cyber""]",horror,"[""cyber|horror"", ""cyber|samurai"", ""horror|samurai""]","[""cyber|horror"", ""cyber|samurai"", ""horror|samurai""]","[""cyber|horror"", ""cyber|samurai"", ""horror|samurai""]"
cv3_mascot_012,pet,shonen,"[""survival"", ""cyber""]",martial,"[""cyber|martial"", ""cyber|survival"", ""martial|survival""]","[""cyber|martial"", ""cyber|survival"", ""martial|survival""]","[""cyber|martial"", ""cyber|survival"", ""martial|survival""]"
cv3_mascot_013,pet,shonen,"[""shinobi"", ""cyber""]",slice,"[""cyber|shinobi"", ""cyber|slice"", ""shinobi|slice""]","[""cyber|shinobi"", ""cyber|slice"", ""shinobi|slice""]","[""cyber|shinobi"", ""cyber|slice"", ""shinobi|slice""]"
cv3_mascot_014,pet,shonen,"[""mythology"", ""slice""]",fantasy,"[""fantasy|mythology"", ""fantasy|slice"", ""mythology|slice""]","[""fantasy|mythology"", ""fantasy|slice"", ""mythology|slice""]","[""fantasy|mythology"", ""fantasy|slice"", ""mythology|slice""]"
cv3_mascot_015,pet,shonen,"[""supernatural"", ""fantasy""]",pirate,"[""fantasy|pirate"", ""fantasy|supernatural"", ""pirate|supernatural""]","[""fantasy|pirate"", ""fantasy|supernatural"", ""pirate|supernatural""]","[""fantasy|pirate"", ""fantasy|supernatural"", ""pirate|supernatural""]"
cv3_mascot_016,pet,shonen,"[""samurai"", ""fantasy""]",supernatural,"[""fantasy|samurai"", ""fantasy|supernatural"", ""samurai|supernatural""]","[""fantasy|samurai"", ""fantasy|supernatural"", ""samurai|supernatural""]","[""fantasy|samurai"", ""samurai|supernatural""]"
cv3_mascot_017,pet,shonen,"[""mecha"", ""horror""]",mythology,"[""horror|mecha"", ""horror|mythology"", ""mecha|mythology""]","[""horror|mecha"", ""horror|mythology"", ""mecha|mythology""]","[""horror|mecha"", ""horror|mythology"", ""mecha|mythology""]"
cv3_mascot_018,pet,shonen,"[""pirate"", ""horror""]",military,"[""horror|military"", ""horror|pirate"", ""military|pirate""]","[""horror|military"", ""horror|pirate"", ""military|pirate""]","[""horror|military"", ""horror|pirate"", ""military|pirate""]"
cv3_mascot_019,pet,shonen,"[""shinobi"", ""horror""]",mystery,"[""horror|mystery"", ""horror|shinobi"", ""mystery|shinobi""]","[""horror|mystery"", ""horror|shinobi"", ""mystery|shinobi""]","[""horror|mystery"", ""horror|shinobi"", ""mystery|shinobi""]"
cv3_mascot_020,pet,shonen,"[""pirate"", ""sports""]",horror,"[""horror|pirate"", ""horror|sports"", ""pirate|sports""]","[""horror|pirate"", ""horror|sports"", ""pirate|sports""]","[""horror|sports"", ""pirate|sports""]"
cv3_mascot_021,pet,shonen,"[""pirate"", ""idol""]",isekai,"[""idol|isekai"", ""idol|pirate"", ""isekai|pirate""]","[""idol|isekai"", ""idol|pirate"", ""isekai|pirate""]","[""idol|isekai"", ""idol|pirate"", ""isekai|pirate""]"
cv3_mascot_022,pet,shonen,"[""mecha"", ""idol""]",martial,"[""idol|martial"", ""idol|mecha"", ""martial|mecha""]","[""idol|martial"", ""idol|mecha"", ""martial|mecha""]","[""idol|martial"", ""idol|mecha"", ""martial|mecha""]"
cv3_mascot_023,pet,shonen,"[""mythology"", ""slice""]",idol,"[""idol|mythology"", ""idol|slice"", ""mythology|slice""]","[""idol|mythology"", ""idol|slice"", ""mythology|slice""]","[""idol|mythology"", ""idol|slice""]"
cv3_mascot_024,pet,shonen,"[""romance"", ""idol""]",nordic,"[""idol|nordic"", ""idol|romance"", ""nordic|romance""]","[""idol|nordic"", ""idol|romance"", ""nordic|romance""]","[""idol|nordic"", ""idol|romance"", ""nordic|romance""]"
cv3_mascot_025,pet,shonen,"[""samurai"", ""idol""]",sports,"[""idol|samurai"", ""idol|sports"", ""samurai|sports""]","[""idol|samurai"", ""idol|sports"", ""samurai|sports""]","[""idol|samurai"", ""idol|sports"", ""samurai|sports""]"
cv3_mascot_026,pet,shonen,"[""shinobi"", ""idol""]",space,"[""idol|shinobi"", ""idol|space"", ""shinobi|space""]","[""idol|shinobi"", ""idol|space"", ""shinobi|space""]","[""idol|shinobi"", ""idol|space"", ""shinobi|space""]"
cv3_mascot_027,pet,shojo,"[""mecha"", ""isekai""]",supernatural,"[""isekai|mecha"", ""isekai|supernatural"", ""mecha|supernatural""]","[""isekai|mecha"", ""isekai|supernatural"", ""mecha|supernatural""]","[""isekai|mecha"", ""isekai|supernatural"", ""mecha|supernatural""]"
cv3_mascot_028,pet,shojo,"[""isekai"", ""military""]",mythology,"[""isekai|military"", ""isekai|mythology"", ""military|mythology""]","[""isekai|military"", ""isekai|mythology"", ""military|mythology""]","[""isekai|military"", ""isekai|mythology"", ""military|mythology""]"
cv3_mascot_029,pet,shojo,"[""mystery"", ""slice""]",isekai,"[""isekai|mystery"", ""isekai|slice"", ""mystery|slice""]","[""isekai|mystery"", ""isekai|slice"", ""mystery|slice""]","[""isekai|mystery"", ""isekai|slice"", ""mystery|slice""]"
cv3_mascot_030,pet,shojo,"[""shinobi"", ""isekai""]",sports,"[""isekai|shinobi"", ""isekai|sports"", ""shinobi|sports""]","[""isekai|shinobi"", ""isekai|sports"", ""shinobi|sports""]","[""isekai|shinobi"", ""isekai|sports"", ""shinobi|sports""]"
cv3_mascot_031,pet,shojo,"[""isekai"", ""space""]",sports,"[""isekai|space"", ""isekai|sports"", ""space|sports""]","[""isekai|space"", ""isekai|sports"", ""space|sports""]","[""isekai|space"", ""space|sports""]"
cv3_mascot_032,pet,shojo,"[""martial"", ""sports""]",magical,"[""magical|martial"", ""magical|sports"", ""martial|sports""]","[""magical|martial"", ""magical|sports"", ""martial|sports""]","[""magical|martial"", ""magical|sports"", ""martial|sports""]"
cv3_mascot_033,pet,shojo,"[""samurai"", ""magical""]",mystery,"[""magical|mystery"", ""magical|samurai"", ""mystery|samurai""]","[""magical|mystery"", ""magical|samurai"", ""mystery|samurai""]","[""magical|mystery"", ""magical|samurai"", ""mystery|samurai""]"
cv3_mascot_034,pet,shojo,"[""shinobi"", ""magical""]",nordic,"[""magical|nordic"", ""magical|shinobi"", ""nordic|shinobi""]","[""magical|nordic"", ""magical|shinobi"", ""nordic|shinobi""]","[""magical|nordic"", ""magical|shinobi"", ""nordic|shinobi""]"
cv3_mascot_035,pet,shojo,"[""shinobi"", ""martial""]",military,"[""martial|military"", ""martial|shinobi"", ""military|shinobi""]","[""martial|military"", ""martial|shinobi"", ""military|shinobi""]","[""martial|military"", ""martial|shinobi"", ""military|shinobi""]"
cv3_mascot_036,pet,shojo,"[""space"", ""martial""]",mystery,"[""martial|mystery"", ""martial|space"", ""mystery|space""]","[""martial|mystery"", ""martial|space"", ""mystery|space""]","[""martial|mystery"", ""martial|space"", ""mystery|space""]"
cv3_mascot_037,pet,shojo,"[""samurai"", ""martial""]",slice,"[""martial|samurai"", ""martial|slice"", ""samurai|slice""]","[""martial|samurai"", ""martial|slice"", ""samurai|slice""]","[""martial|samurai"", ""martial|slice"", ""samurai|slice""]"
cv3_mascot_038,pet,shojo,"[""mecha"", ""military""]",nordic,"[""mecha|military"", ""mecha|nordic"", ""military|nordic""]","[""mecha|military"", ""mecha|nordic"", ""military|nordic""]","[""mecha|military"", ""mecha|nordic"", ""military|nordic""]"
cv3_mascot_039,pet,shojo,"[""mecha"", ""samurai""]",romance,"[""mecha|romance"", ""mecha|samurai"", ""romance|samurai""]","[""mecha|romance"", ""mecha|samurai"", ""romance|samurai""]","[""mecha|romance"", ""mecha|samurai"", ""romance|samurai""]"
cv3_mascot_040,pet,shojo,"[""mecha"", ""shinobi""]",survival,"[""mecha|shinobi"", ""mecha|survival"", ""shinobi|survival""]","[""mecha|shinobi"", ""mecha|survival"", ""shinobi|survival""]","[""mecha|shinobi"", ""mecha|survival"", ""shinobi|survival""]"
cv3_mascot_041,pet,shojo,"[""mystery"", ""nordic""]",military,"[""military|mystery"", ""military|nordic"", ""mystery|nordic""]","[""military|mystery"", ""military|nordic"", ""mystery|nordic""]","[""military|mystery"", ""mystery|nordic""]"
cv3_mascot_042,pet,shojo,"[""samurai"", ""military""]",space,"[""military|samurai"", ""military|space"", ""samurai|space""]","[""military|samurai"", ""military|space"", ""samurai|space""]","[""military|samurai"", ""military|space"", ""samurai|space""]"
cv3_mascot_043,pet,shojo,"[""mythology"", ""romance""]",space,"[""mythology|romance"", ""mythology|space"", ""romance|space""]","[""mythology|romance"", ""mythology|space"", ""romance|space""]","[""mythology|romance"", ""mythology|space"", ""romance|space""]"
cv3_mascot_044,pet,shojo,"[""samurai"", ""mythology""]",survival,"[""mythology|samurai"", ""mythology|survival"", ""samurai|survival""]","[""mythology|samurai"", ""mythology|survival"", ""samurai|survival""]","[""mythology|samurai"", ""mythology|survival"", ""samurai|survival""]"
cv3_mascot_045,pet,shojo,"[""shinobi"", ""mythology""]",supernatural,"[""mythology|shinobi"", ""mythology|supernatural"", ""shinobi|supernatural""]","[""mythology|shinobi"", ""mythology|supernatural"", ""shinobi|supernatural""]","[""mythology|shinobi"", ""mythology|supernatural"", ""shinobi|supernatural""]"
cv3_mascot_046,pet,shojo,"[""samurai"", ""nordic""]",pirate,"[""nordic|pirate"", ""nordic|samurai"", ""pirate|samurai""]","[""nordic|pirate"", ""nordic|samurai"", ""pirate|samurai""]","[""nordic|pirate"", ""nordic|samurai"", ""pirate|samurai""]"
cv3_mascot_047,pet,shojo,"[""slice"", ""supernatural""]",nordic,"[""nordic|slice"", ""nordic|supernatural"", ""slice|supernatural""]","[""nordic|slice"", ""nordic|supernatural"", ""slice|supernatural""]","[""nordic|slice"", ""nordic|supernatural"", ""slice|supernatural""]"
cv3_mascot_048,pet,shojo,"[""shinobi"", ""pirate""]",romance,"[""pirate|romance"", ""pirate|shinobi"", ""romance|shinobi""]","[""pirate|romance"", ""pirate|shinobi"", ""romance|shinobi""]","[""pirate|romance"", ""pirate|shinobi"", ""romance|shinobi""]"
cv3_mascot_049,pet,shojo,"[""samurai"", ""shinobi""]",martial,"[""martial|samurai"", ""martial|shinobi"", ""samurai|shinobi""]","[""martial|samurai"", ""martial|shinobi"", ""samurai|shinobi""]",[]
cv3_mascot_050,pet,shojo,"[""mecha"", ""samurai""]",shinobi,"[""mecha|samurai"", ""mecha|shinobi"", ""samurai|shinobi""]","[""mecha|samurai"", ""mecha|shinobi"", ""samurai|shinobi""]",[]
cv3_mascot_051,pet,shojo,"[""samurai"", ""romance""]",slice,"[""romance|samurai"", ""romance|slice"", ""samurai|slice""]","[""romance|samurai"", ""samurai|slice""]",[]
cv3_mascot_052,pet,shojo,"[""shinobi"", ""cooking""]",survival,"[""cooking|shinobi"", ""cooking|survival"", ""shinobi|survival""]","[""cooking|shinobi"", ""cooking|survival"", ""shinobi|survival""]",[]
cv3_villain_001,villain,shonen,"[""samurai"", ""comedy""]",cyber,"[""comedy|cyber"", ""comedy|samurai"", ""cyber|samurai""]","[""comedy|cyber"", ""comedy|samurai"", ""cyber|samurai""]","[""comedy|cyber"", ""comedy|samurai"", ""cyber|samurai""]"
cv3_villain_002,villain,shonen,"[""magical"", ""slice""]",comedy,"[""comedy|magical"", ""comedy|slice"", ""magical|slice""]","[""comedy|magical"", ""comedy|slice"", ""magical|slice""]","[""comedy|magical"", ""comedy|slice"", ""magical|slice""]"
cv3_villain_003,villain,shonen,"[""shinobi"", ""comedy""]",martial,"[""comedy|martial"", ""comedy|shinobi"", ""martial|shinobi""]","[""comedy|martial"", ""comedy|shinobi"", ""martial|shinobi""]","[""comedy|martial"", ""comedy|shinobi"", ""martial|shinobi""]"
cv3_villain_004,villain,shonen,"[""comedy"", ""mystery""]",sports,"[""comedy|mystery"", ""comedy|sports"", ""mystery|sports""]","[""comedy|mystery"", ""comedy|sports"", ""mystery|sports""]","[""comedy|mystery"", ""comedy|sports"", ""mystery|sports""]"
cv3_villain_005,villain,shonen,"[""mythology"", ""supernatural""]",comedy,"[""comedy|mythology"", ""comedy|supernatural"", ""mythology|supernatural""]","[""comedy|mythology"", ""comedy|supernatural"", ""mythology|supernatural""]","[""comedy|mythology"", ""comedy|supernatural"", ""mythology|supernatural""]"
cv3_villain_006,villain,shonen,"[""supernatural"", ""cooking""]",cyber,"[""cooking|cyber"", ""cooking|supernatural"", ""cyber|supernatural""]","[""cooking|cyber"", ""cooking|supernatural"", ""cyber|supernatural""]","[""cooking|cyber"", ""cooking|supernatural"", ""cyber|supernatural""]"
cv3_villain_007,villain,shonen,"[""cooking"", ""fantasy""]",martial,"[""cooking|fantasy"", ""cooking|martial"", ""fantasy|martial""]","[""cooking|fantasy"", ""cooking|martial"", ""fantasy|martial""]","[""cooking|fantasy"", ""cooking|martial"", ""fantasy|martial""]"
cv3_villain_008,villain,shonen,"[""fantasy"", ""supernatural""]",cooking,"[""cooking|fantasy"", ""cooking|supernatural"", ""fantasy|supernatural""]","[""cooking|fantasy"", ""cooking|supernatural"", ""fantasy|supernatural""]","[""fantasy|supernatural""]"
cv3_villain_009,villain,shonen,"[""sports"", ""cooking""]",mystery,"[""cooking|mystery"", ""cooking|sports"", ""mystery|sports""]","[""cooking|sports"", ""mystery|sports""]","[""cooking|sports""]"
cv3_villain_010,villain,shonen,"[""samurai"", ""cooking""]",slice,"[""cooking|samurai"", ""cooking|slice"", ""samurai|slice""]","[""cooking|samurai"", ""cooking|slice"", ""samurai|slice""]","[""cooking|samurai"", ""cooking|slice"", ""samurai|slice""]"
cv3_villain_011,villain,shonen,"[""shinobi"", ""cooking""]",survival,"[""cooking|shinobi"", ""cooking|survival"", ""shinobi|survival""]","[""cooking|shinobi"", ""cooking|survival"", ""shinobi|survival""]","[""cooking|shinobi"", ""cooking|survival"", ""shinobi|survival""]"
cv3_villain_012,villain,shonen,"[""shinobi"", ""cyber""]",horror,"[""cyber|horror"", ""cyber|shinobi"", ""horror|shinobi""]","[""cyber|horror"", ""cyber|shinobi"", ""horror|shinobi""]","[""cyber|horror"", ""cyber|shinobi"", ""horror|shinobi""]"
cv3_villain_013,villain,shonen,"[""cyber"", ""idol""]",pirate,"[""cyber|idol"", ""cyber|pirate"", ""idol|pirate""]","[""cyber|idol"", ""cyber|pirate"", ""idol|pirate""]","[""cyber|idol"", ""cyber|pirate"", ""idol|pirate""]"
cv3_villain_014,villain,shonen,"[""isekai"", ""military""]",cyber,"[""cyber|isekai"", ""cyber|military"", ""isekai|military""]","[""cyber|isekai"", ""cyber|military"", ""isekai|military""]","[""cyber|isekai"", ""cyber|military"", ""isekai|military""]"
cv3_villain_015,villain,shonen,"[""space"", ""cyber""]",martial,"[""cyber|martial"", ""cyber|space"", ""martial|space""]","[""cyber|martial"", ""martial|space""]","[""cyber|martial"", ""martial|space""]"
cv3_villain_016,villain,shonen,"[""fantasy"", ""horror""]",slice,"[""fantasy|horror"", ""fantasy|slice"", ""horror|slice""]","[""fantasy|horror"", ""fantasy|slice"", ""horror|slice""]","[""fantasy|horror"", ""fantasy|slice"", ""horror|slice""]"
cv3_villain_017,villain,shonen,"[""shinobi"", ""fantasy""]",idol,"[""fantasy|idol"", ""fantasy|shinobi"", ""idol|shinobi""]","[""fantasy|idol"", ""fantasy|shinobi"", ""idol|shinobi""]","[""fantasy|idol"", ""fantasy|shinobi"", ""idol|shinobi""]"
cv3_villain_018,villain,shonen,"[""mystery"", ""fantasy""]",military,"[""fantasy|military"", ""fantasy|mystery"", ""military|mystery""]","[""fantasy|military"", ""fantasy|mystery"", ""military|mystery""]","[""fantasy|military"", ""fantasy|mystery"", ""military|mystery""]"
cv3_villain_019,villain,shonen,"[""fantasy"", ""pirate""]",survival,"[""fantasy|pirate"", ""fantasy|survival"", ""pirate|survival""]","[""fantasy|pirate"", ""fantasy|survival"", ""pirate|survival""]","[""fantasy|pirate"", ""fantasy|survival"", ""pirate|survival""]"
cv3_villain_020,villain,shonen,"[""samurai"", ""fantasy""]",romance,"[""fantasy|romance"", ""fantasy|samurai"", ""romance|samurai""]","[""fantasy|romance"", ""fantasy|samurai"", ""romance|samurai""]","[""fantasy|romance"", ""fantasy|samurai"", ""romance|samurai""]"
cv3_villain_021,villain,shonen,"[""mecha"", ""horror""]",magical,"[""horror|magical"", ""horror|mecha"", ""magical|mecha""]","[""horror|magical"", ""horror|mecha"", ""magical|mecha""]","[""horror|magical"", ""horror|mecha"", ""magical|mecha""]"
cv3_villain_022,villain,shonen,"[""horror"", ""nordic""]",space,"[""horror|nordic"", ""horror|space"", ""nordic|space""]","[""horror|nordic"", ""horror|space"", ""nordic|space""]","[""horror|nordic"", ""horror|space"", ""nordic|space""]"
cv3_villain_023,villain,shonen,"[""samurai"", ""horror""]",survival,"[""horror|samurai"", ""horror|survival"", ""samurai|survival""]","[""horror|samurai"", ""samurai|survival""]","[""horror|samurai"", ""samurai|survival""]"
cv3_villain_024,villain,shonen,"[""supernatural"", ""idol""]",isekai,"[""idol|isekai"", ""idol|supernatural"", ""isekai|supernatural""]","[""idol|isekai"", ""idol|supernatural"", ""isekai|supernatural""]","[""idol|isekai"", ""idol|supernatural"", ""isekai|supernatural""]"
cv3_villain_025,villain,shonen,"[""idol"", ""magical""]",mythology,"[""idol|magical"", ""idol|mythology"", ""magical|mythology""]","[""idol|magical"", ""idol|mythology"", ""magical|mythology""]","[""idol|magical"", ""idol|mythology"", ""magical|mythology""]"
cv3_villain_026,villain,shonen,"[""samurai"", ""idol""]",space,"[""idol|samurai"", ""idol|space"", ""samurai|space""]","[""idol|samurai"", ""idol|space"", ""samurai|space""]","[""idol|samurai"", ""idol|space"", ""samurai|space""]"
cv3_villain_027,villain,shojo,"[""slice"", ""isekai""]",martial,"[""isekai|martial"", ""isekai|slice"", ""martial|slice""]","[""isekai|martial"", ""isekai|slice"", ""martial|slice""]","[""isekai|martial"", ""isekai|slice"", ""martial|slice""]"
cv3_villain_028,villain,shojo,"[""isekai"", ""mystery""]",nordic,"[""isekai|mystery"", ""isekai|nordic"", ""mystery|nordic""]","[""isekai|mystery"", ""isekai|nordic"", ""mystery|nordic""]","[""isekai|mystery"", ""isekai|nordic"", ""mystery|nordic""]"
cv3_villain_029,villain,shojo,"[""mythology"", ""romance""]",isekai,"[""isekai|mythology"", ""isekai|romance"", ""mythology|romance""]","[""isekai|mythology"", ""isekai|romance"", ""mythology|romance""]","[""isekai|mythology"", ""isekai|romance"", ""mythology|romance""]"
cv3_villain_030,villain,shojo,"[""samurai"", ""isekai""]",mythology,"[""isekai|mythology"", ""isekai|samurai"", ""mythology|samurai""]","[""isekai|mythology"", ""isekai|samurai"", ""mythology|samurai""]","[""isekai|samurai"", ""mythology|samurai""]"
cv3_villain_031,villain,shojo,"[""isekai"", ""pirate""]",space,"[""isekai|pirate"", ""isekai|space"", ""pirate|space""]","[""isekai|pirate"", ""isekai|space"", ""pirate|space""]","[""isekai|pirate"", ""isekai|space"", ""pirate|space""]"
cv3_villain_032,villain,shojo,"[""shinobi"", ""isekai""]",sports,"[""isekai|shinobi"", ""isekai|sports"", ""shinobi|sports""]","[""isekai|shinobi"", ""isekai|sports"", ""shinobi|sports""]","[""isekai|shinobi"", ""isekai|sports"", ""shinobi|sports""]"
cv3_villain_033,villain,shojo,"[""samurai"", ""magical""]",martial,"[""magical|martial"", ""magical|samurai"", ""martial|samurai""]","[""magical|martial"", ""magical|samurai"", ""martial|samurai""]","[""magical|martial"", ""magical|samurai"", ""martial|samurai""]"
cv3_villain_034,villain,shojo,"[""magical"", ""pirate""]",romance,"[""magical|pirate"", ""magical|romance"", ""pirate|romance""]","[""magical|pirate"", ""magical|romance"", ""pirate|romance""]","[""magical|pirate"", ""magical|romance"", ""pirate|romance""]"
cv3_villain_035,villain,shojo,"[""shinobi"", ""magical""]",pirate,"[""magical|pirate"", ""magical|shinobi"", ""pirate|shinobi""]","[""magical|pirate"", ""magical|shinobi"", ""pirate|shinobi""]","[""magical|shinobi"", ""pirate|shinobi""]"
cv3_villain_036,villain,shojo,"[""supernatural"", ""magical""]",space,"[""magical|space"", ""magical|supernatural"", ""space|supernatural""]","[""magical|space"", ""magical|supernatural"", ""space|supernatural""]","[""magical|space"", ""magical|supernatural"", ""space|supernatural""]"
cv3_villain_037,villain,shojo,"[""mecha"", ""martial""]",mythology,"[""martial|mecha"", ""martial|mythology"", ""mecha|mythology""]","[""martial|mecha"", ""martial|mythology"", ""mecha|mythology""]","[""martial|mecha"", ""martial|mythology"", ""mecha|mythology""]"
cv3_villain_038,villain,shojo,"[""nordic"", ""survival""]",martial,"[""martial|nordic"", ""martial|survival"", ""nordic|survival""]","[""martial|nordic"", ""martial|survival"", ""nordic|survival""]","[""martial|nordic"", ""martial|survival"", ""nordic|survival""]"
cv3_villain_039,villain,shojo,"[""mecha"", ""mystery""]",nordic,"[""mecha|mystery"", ""mecha|nordic"", ""mystery|nordic""]","[""mecha|mystery"", ""mecha|nordic"", ""mystery|nordic""]","[""mecha|mystery"", ""mecha|nordic""]"
cv3_villain_040,villain,shojo,"[""mecha"", ""samurai""]",pirate,"[""mecha|pirate"", ""mecha|samurai"", ""pirate|samurai""]","[""mecha|pirate"", ""mecha|samurai"", ""pirate|samurai""]","[""mecha|pirate"", ""mecha|samurai"", ""pirate|samurai""]"
cv3_villain_041,villain,shojo,"[""mecha"", ""shinobi""]",romance,"[""mecha|romance"", ""mecha|shinobi"", ""romance|shinobi""]","[""mecha|shinobi"", ""romance|shinobi""]","[""mecha|shinobi"", ""romance|shinobi""]"
cv3_villain_042,villain,shojo,"[""mecha"", ""supernatural""]",survival,"[""mecha|supernatural"", ""mecha|survival"", ""supernatural|survival""]","[""mecha|supernatural"", ""mecha|survival"", ""supernatural|survival""]","[""mecha|supernatural"", ""mecha|survival"", ""supernatural|survival""]"
cv3_villain_043,villain,shojo,"[""military"", ""mythology""]",space,"[""military|mythology"", ""military|space"", ""mythology|space""]","[""military|mythology"", ""military|space"", ""mythology|space""]","[""military|mythology"", ""military|space"", ""mythology|space""]"
cv3_villain_044,villain,shojo,"[""samurai"", ""military""]",sports,"[""military|samurai"", ""military|sports"", ""samurai|sports""]","[""military|samurai"", ""military|sports"", ""samurai|sports""]","[""military|samurai"", ""military|sports"", ""samurai|sports""]"
cv3_villain_045,villain,shojo,"[""shinobi"", ""military""]",supernatural,"[""military|shinobi"", ""military|supernatural"", ""shinobi|supernatural""]","[""military|shinobi"", ""military|supernatural"", ""shinobi|supernatural""]","[""military|shinobi"", ""military|supernatural"", ""shinobi|supernatural""]"
cv3_villain_046,villain,shojo,"[""samurai"", ""shinobi""]",mystery,"[""mystery|samurai"", ""mystery|shinobi"", ""samurai|shinobi""]","[""mystery|samurai"", ""mystery|shinobi"", ""samurai|shinobi""]","[""mystery|samurai"", ""mystery|shinobi"", ""samurai|shinobi""]"
cv3_villain_047,villain,shojo,"[""shinobi"", ""mythology""]",nordic,"[""mythology|nordic"", ""mythology|shinobi"", ""nordic|shinobi""]","[""mythology|nordic"", ""mythology|shinobi"", ""nordic|shinobi""]","[""mythology|nordic"", ""mythology|shinobi"", ""nordic|shinobi""]"
cv3_villain_048,villain,shojo,"[""samurai"", ""nordic""]",supernatural,"[""nordic|samurai"", ""nordic|supernatural"", ""samurai|supernatural""]","[""nordic|samurai"", ""nordic|supernatural"", ""samurai|supernatural""]","[""nordic|samurai"", ""nordic|supernatural"", ""samurai|supernatural""]"
cv3_villain_049,villain,shojo,"[""nordic"", ""slice""]",sports,"[""nordic|slice"", ""nordic|sports"", ""slice|sports""]","[""nordic|slice"", ""nordic|sports"", ""slice|sports""]","[""nordic|slice"", ""nordic|sports"", ""slice|sports""]"
cv3_villain_050,villain,shojo,"[""shinobi"", ""slice""]",space,"[""shinobi|slice"", ""shinobi|space"", ""slice|space""]","[""shinobi|slice"", ""shinobi|space"", ""slice|space""]","[""shinobi|slice"", ""shinobi|space"", ""slice|space""]"
cv3_villain_051,villain,shojo,"[""survival"", ""space""]",sports,"[""space|sports"", ""space|survival"", ""sports|survival""]","[""space|sports"", ""space|survival"", ""sports|survival""]","[""space|sports"", ""space|survival"", ""sports|survival""]"
cv3_villain_052,villain,shojo,"[""samurai"", ""shinobi""]",martial,"[""martial|samurai"", ""martial|shinobi"", ""samurai|shinobi""]","[""martial|samurai"", ""martial|shinobi"", ""samurai|shinobi""]",[]
