id,filename,sheet,cell,source_width,source_height,crop_box,source_cell_width,source_cell_height,width,height,sha256,qc
cv3_lead_001,cv3_lead_001.webp,cast_v3_sheet_01,1,1774,887,"(2, 2, 442, 442)",440,440,512,512,5e8669d744fa2ea49820fc6073540a0842d22e36d762d6171a18fb171b0bf3fa,PASS_WITH_DOCUMENTED_STYLE_LIMITS
cv3_lead_002,cv3_lead_002.webp,cast_v3_sheet_01,2,1774,887,"(445, 2, 885, 442)",440,440,512,512,de8100a2f8506ab92994f1762ba20e36b4649527dfdd09c6c3078e13c5e4c710,PASS_WITH_DOCUMENTED_STYLE_LIMITS
cv3_lead_003,cv3_lead_003.webp,cast_v3_sheet_01,3,1774,887,"(889, 2, 1329, 442)",440,440,512,512,d69284adbd95106b74740e5cb4e0c0e1e8dfbc3a386cc5bc3a955e8fba5400fe,PASS_WITH_DOCUMENTED_STYLE_LIMITS
cv3_lead_004,cv3_lead_004.webp,cast_v3_sheet_01,4,1774,887,"(1332, 2, 1772, 442)",440,440,512,512,c693c0eaa635a100e47d53d74704e046e1cd17a58214b76b239ed89823c3ec1a,PASS_WITH_DOCUMENTED_STYLE_LIMITS
cv3_lead_005,cv3_lead_005.webp,cast_v3_sheet_01,5,1774,887,"(2, 445, 442, 885)",440,440,512,512,b029c7802940ab4fcdca51208bccc79034ca984f0c43766c25c341156e600fd0,PASS_WITH_DOCUMENTED_STYLE_LIMITS
cv3_lead_006,cv3_lead_006.webp,cast_v3_sheet_01,6,1774,887,"(445, 445, 885, 885)",440,440,512,512,54cb49d5f85438e281bf32b9d78429bf54a791cd1c2b521fd735d60d61ab7611,PASS_WITH_DOCUMENTED_STYLE_LIMITS
cv3_lead_007,cv3_lead_007.webp,cast_v3_sheet_01,7,1774,887,"(889, 445, 1329, 885)",440,440,512,512,c57060fb6ebd2c075c231dd76e5d83ea23a3e8c28487aec63461d8af28b01c54,PASS_WITH_DOCUMENTED_STYLE_LIMITS
cv3_lead_008,cv3_lead_008.webp,cast_v3_sheet_01,8,1774,887,"(1332, 445, 1772, 885)",440,440,512,512,f9c9b4f2baa7c50b920a3e8f107041badc3f47a9be9d16b905ed46858a0afdf1,PASS_WITH_DOCUMENTED_STYLE_LIMITS
cv3_lead_009,cv3_lead_009.webp,cast_v3_sheet_02,1,1774,887,"(2, 2, 442, 442)",440,440,512,512,4a512daa400fee58c48a5a32e18f2743fc67ef9595dda9e6d9789c974fdc1961,PASS_WITH_DOCUMENTED_STYLE_LIMITS
cv3_lead_010,cv3_lead_010.webp,cast_v3_sheet_02,2,1774,887,"(445, 2, 885, 442)",440,440,512,512,47dbe340512d915ea091d1eb2f219a36a5ce9225ce57ce7909fcff3a9fef19e3,PASS_WITH_DOCUMENTED_STYLE_LIMITS
cv3_lead_011,cv3_lead_011.webp,cast_v3_sheet_02,3,1774,887,"(889, 2, 1329, 442)",440,440,512,512,ee69ba4b5e9f6a4474830524db666b96f9d8f3fc8b16c0d19ebe414240ab9e72,PASS_WITH_DOCUMENTED_STYLE_LIMITS
cv3_lead_012,cv3_lead_012.webp,cast_v3_sheet_02,4,1774,887,"(1332, 2, 1772, 442)",440,440,512,512,88e27e5e6bbbc54b6db21aaaeeeacfa2b4898a87e0f494694b27ff385d6968ab,PASS_WITH_DOCUMENTED_STYLE_LIMITS
cv3_lead_013,cv3_lead_013.webp,cast_v3_sheet_02,5,1774,887,"(2, 445, 442, 885)",440,440,512,512,7a330815a290e926d44862b395cab0dad61c8d09e489d36db0fd02de57c1fe6d,PASS_WITH_DOCUMENTED_STYLE_LIMITS
cv3_lead_014,cv3_lead_014.webp,cast_v3_sheet_02,6,1774,887,"(445, 445, 885, 885)",440,440,512,512,e12222541cd7569a07adec2f9fdf7bbcf9170893ca1683e256cd7fdfca7f28e7,PASS_WITH_DOCUMENTED_STYLE_LIMITS
cv3_lead_015,cv3_lead_015.webp,cast_v3_sheet_02,7,1774,887,"(889, 445, 1329, 885)",440,440,512,512,e38abf30a15d48d6decd3e2d54d240f4568a581281e64e679df5ff8f94b6fbab,PASS_WITH_DOCUMENTED_STYLE_LIMITS
cv3_lead_016,cv3_lead_016.webp,cast_v3_sheet_02,8,1774,887,"(1332, 445, 1772, 885)",440,440,512,512,002243976393f740e3f09a4f16207f6e5ccd11be26ce5e7c4f739657b0f45b07,PASS_WITH_DOCUMENTED_STYLE_LIMITS
cv3_lead_017,cv3_lead_017.webp,cast_v3_sheet_03,1,1774,887,"(2, 2, 441, 442)",439,440,512,512,c11c4a083792e37c3d975e5d1201814c20cd51d504ac7868eb113b602d8a72a7,PASS_WITH_DOCUMENTED_STYLE_LIMITS
cv3_lead_018,cv3_lead_018.webp,cast_v3_sheet_03,2,1774,887,"(445, 2, 885, 442)",440,440,512,512,fea34d8ec1c35085ecf8d8d5b2d31607423b641be5fc2c9552ee0dd28a0063b7,PASS_WITH_DOCUMENTED_STYLE_LIMITS
cv3_lead_019,cv3_lead_019.webp,cast_v3_sheet_03,3,1774,887,"(889, 2, 1330, 442)",441,440,512,512,9f275ebeaf0598694c5694ebe0788b9aa24ddef868770302e3513787417d278e,PASS_WITH_DOCUMENTED_STYLE_LIMITS
cv3_lead_020,cv3_lead_020.webp,cast_v3_sheet_03,4,1774,887,"(1334, 2, 1772, 442)",438,440,512,512,a5fbdc20116751c10254ad5e6dfc88ddd8208438a290d5a8623a9213bfccd338,PASS_WITH_DOCUMENTED_STYLE_LIMITS
cv3_lead_021,cv3_lead_021.webp,cast_v3_sheet_03,5,1774,887,"(2, 445, 441, 885)",439,440,512,512,f1f7ad07368519607c7a60cfed1cec0486b06e6e1f70995ec9c134098e58c01c,PASS_WITH_DOCUMENTED_STYLE_LIMITS
cv3_lead_022,cv3_lead_022.webp,cast_v3_sheet_03,6,1774,887,"(445, 445, 885, 885)",440,440,512,512,d33b32f4f193f19d390f2bb29c70a656a457c9050fa8c66f0b13c20b4610ec7e,PASS_WITH_DOCUMENTED_STYLE_LIMITS
cv3_lead_023,cv3_lead_023.webp,cast_v3_sheet_03,7,1774,887,"(889, 445, 1330, 885)",441,440,512,512,d6d22c283958c0a5b28eeceae956c812eeffb8ffdfe61e94786e998d65169cad,PASS_WITH_DOCUMENTED_STYLE_LIMITS
cv3_lead_024,cv3_lead_024.webp,cast_v3_sheet_03,8,1774,887,"(1334, 445, 1772, 885)",438,440,512,512,1965410f1756a1337ea87b1972f15f7b97a302ae985dac540eb80aaa3bdbee1d,PASS_WITH_DOCUMENTED_STYLE_LIMITS
cv3_lead_025,cv3_lead_025.webp,cast_v3_sheet_04,1,1774,887,"(2, 2, 442, 442)",440,440,512,512,10e2af38670cccf291527abbc50644202874dfb812d12f5a9cf8a85be11bf451,PASS_WITH_DOCUMENTED_STYLE_LIMITS
cv3_lead_026,cv3_lead_026.webp,cast_v3_sheet_04,2,1774,887,"(445, 2, 886, 442)",441,440,512,512,a48edfa1732c2ea3147b17ee74283e38f4c2d762d4de26434074f9b41c2ffbe1,PASS_WITH_DOCUMENTED_STYLE_LIMITS
cv3_lead_027,cv3_lead_027.webp,cast_v3_sheet_04,3,1774,887,"(889, 2, 1329, 442)",440,440,512,512,ec5637b2a04a24a5a89d7c21cb09bcd2b50cfa56dd1857b07d4e5190fd666d13,PASS_WITH_DOCUMENTED_STYLE_LIMITS
cv3_lead_028,cv3_lead_028.webp,cast_v3_sheet_04,4,1774,887,"(1333, 2, 1772, 442)",439,440,512,512,0645a95da0a5421489e4961e58affd9b1f63966444abedbd290e992a64c072ef,PASS_WITH_DOCUMENTED_STYLE_LIMITS
cv3_lead_029,cv3_lead_029.webp,cast_v3_sheet_04,5,1774,887,"(2, 445, 442, 885)",440,440,512,512,bba3e9756bc7a48f3944e695a7d8f2afb23f6b79509939851af9ea9c2ffe7386,PASS_WITH_DOCUMENTED_STYLE_LIMITS
cv3_lead_030,cv3_lead_030.webp,cast_v3_sheet_04,6,1774,887,"(445, 445, 886, 885)",441,440,512,512,700f8fafb8d3c68a56d17d6acb27b954d027ffa3da79361546f503cbe0c2bc94,PASS_WITH_DOCUMENTED_STYLE_LIMITS
cv3_lead_031,cv3_lead_031.webp,cast_v3_sheet_04,7,1774,887,"(889, 445, 1329, 885)",440,440,512,512,6c2638a2e616a37df2d2a5fc5c34875159fff4b69f9d354523039a7b4a072a05,PASS_WITH_DOCUMENTED_STYLE_LIMITS
cv3_lead_032,cv3_lead_032.webp,cast_v3_sheet_04,8,1774,887,"(1333, 445, 1772, 885)",439,440,512,512,967d60fe2f9837874d01c204788c6be1811b27340d86ba04f3b4617f7a331122,PASS_WITH_DOCUMENTED_STYLE_LIMITS
cv3_lead_033,cv3_lead_033.webp,cast_v3_sheet_05,1,1774,887,"(2, 2, 441, 441)",439,439,512,512,19770a5ab333d20bbd3a515aa68952d26282f6dd680a634621ce11724fcc8227,PASS_WITH_DOCUMENTED_STYLE_LIMITS
cv3_lead_034,cv3_lead_034.webp,cast_v3_sheet_05,2,1774,887,"(445, 2, 885, 441)",440,439,512,512,eeefb4b0371e8305e92afb6ff08485b892ddcdf79604bea37a769b6c2ea4bf4e,PASS_WITH_DOCUMENTED_STYLE_LIMITS
cv3_lead_035,cv3_lead_035.webp,cast_v3_sheet_05,3,1774,887,"(889, 2, 1329, 441)",440,439,512,512,70a96b90164ad65124d6743a88b666f93f6936707e2559e2889a3bd47aed377a,PASS_WITH_DOCUMENTED_STYLE_LIMITS
cv3_lead_036,cv3_lead_036.webp,cast_v3_sheet_05,4,1774,887,"(1333, 2, 1772, 441)",439,439,512,512,b2339383c02fe14f27c095cba968257171a60513f1d17db33efacd2e7eb98fdd,PASS_WITH_DOCUMENTED_STYLE_LIMITS
cv3_lead_037,cv3_lead_037.webp,cast_v3_sheet_05,5,1774,887,"(2, 445, 441, 885)",439,440,512,512,958f84a54383d86377e96aafc95eec02db945a2c458761a7bb253cee4011b27a,PASS_WITH_DOCUMENTED_STYLE_LIMITS
cv3_lead_038,cv3_lead_038.webp,cast_v3_sheet_05,6,1774,887,"(445, 445, 885, 885)",440,440,512,512,88535832bf3b615e4af6c530a34823dfb72fb28f75df6e3efaf6cb48c36281e9,PASS_WITH_DOCUMENTED_STYLE_LIMITS
cv3_lead_039,cv3_lead_039.webp,cast_v3_sheet_05,7,1774,887,"(889, 445, 1329, 885)",440,440,512,512,ae6e4c6b8753a795f2c9e569b94219795c80a3f5b3976f3e941b3240e9ce63f7,PASS_WITH_DOCUMENTED_STYLE_LIMITS
cv3_lead_040,cv3_lead_040.webp,cast_v3_sheet_05,8,1774,887,"(1333, 445, 1772, 885)",439,440,512,512,f08b9d2c9ae6db4dc5ec3b74f57088daf2271b8761fbe449f797c0b3ff90dfa6,PASS_WITH_DOCUMENTED_STYLE_LIMITS
cv3_lead_041,cv3_lead_041.webp,cast_v3_sheet_06,1,1774,887,"(2, 2, 441, 441)",439,439,512,512,6b3ac93f054f1d8c4fa5b62cb2e3d7285037f5585b90bef1af743480b4bd2eab,PASS_WITH_DOCUMENTED_STYLE_LIMITS
cv3_lead_042,cv3_lead_042.webp,cast_v3_sheet_06,2,1774,887,"(446, 2, 884, 441)",438,439,512,512,8aa8675fa2f190e0c20588755e9db6ba154d6a6faf2ea8220b414aa4a31428fd,PASS_WITH_DOCUMENTED_STYLE_LIMITS
cv3_lead_043,cv3_lead_043.webp,cast_v3_sheet_06,3,1774,887,"(889, 2, 1328, 441)",439,439,512,512,62a5325e572fccd1bf309ed64858c4d22d73700dc9e2dd064d2e979995ebcdc1,PASS_WITH_DOCUMENTED_STYLE_LIMITS
cv3_lead_044,cv3_lead_044.webp,cast_v3_sheet_06,4,1774,887,"(1333, 2, 1772, 441)",439,439,512,512,e2074b46f1bddda0910ff6340f150744bc135d9be103450ae2d3a10e0446f932,PASS_WITH_DOCUMENTED_STYLE_LIMITS
cv3_lead_045,cv3_lead_045.webp,cast_v3_sheet_06,5,1774,887,"(2, 446, 441, 885)",439,439,512,512,0d4f3fde06f11d9c7dcffc3270eb49d7bd6e51ef6b1b79c8ae164eb6ab954729,PASS_WITH_DOCUMENTED_STYLE_LIMITS
cv3_lead_046,cv3_lead_046.webp,cast_v3_sheet_06,6,1774,887,"(446, 446, 884, 885)",438,439,512,512,4d8eca602446e1bdbf7c8fee34bec0dbc0413825e52802a8a5fe27776495cc24,PASS_WITH_DOCUMENTED_STYLE_LIMITS
cv3_lead_047,cv3_lead_047.webp,cast_v3_sheet_06,7,1774,887,"(889, 446, 1328, 885)",439,439,512,512,cebf94c9129cb877368543b8fed09d32739a95a7fb5f35eebbf762e8632bad4f,PASS_WITH_DOCUMENTED_STYLE_LIMITS
cv3_lead_048,cv3_lead_048.webp,cast_v3_sheet_06,8,1774,887,"(1333, 446, 1772, 885)",439,439,512,512,a727c0527c3296ad8597f57ae9b15224c9223abed986e9058792df73eb1eb8f1,PASS_WITH_DOCUMENTED_STYLE_LIMITS
cv3_lead_049,cv3_lead_049.webp,cast_v3_sheet_07,1,1774,887,"(2, 2, 441, 441)",439,439,512,512,8170b4ccb89744bb807dc5928ed4a9431d724bcccfe39ebec9bf13f4d37e3346,PASS_WITH_DOCUMENTED_STYLE_LIMITS
cv3_lead_050,cv3_lead_050.webp,cast_v3_sheet_07,2,1774,887,"(446, 2, 885, 441)",439,439,512,512,a48890a22c35863a9d2138cefaf1cc1df0c44ace60ddef466101b020ff41b140,PASS_WITH_DOCUMENTED_STYLE_LIMITS
cv3_lead_051,cv3_lead_051.webp,cast_v3_sheet_07,3,1774,887,"(889, 2, 1328, 441)",439,439,512,512,ff5e3985d2ee00ad95702de85aa2812779afe8cb3f7538c7323a856ea82c166f,PASS_WITH_DOCUMENTED_STYLE_LIMITS
cv3_lead_052,cv3_lead_052.webp,cast_v3_sheet_07,4,1774,887,"(1333, 2, 1772, 441)",439,439,512,512,e329bcf33bea168bb034bd022802eff6f723a85202928b9702e4318bb9431f4b,PASS_WITH_DOCUMENTED_STYLE_LIMITS
cv3_sidekick_001,cv3_sidekick_001.webp,cast_v3_sheet_07,5,1774,887,"(2, 445, 441, 885)",439,440,512,512,feb2e06ce0f3c2757a0a56ad21846ee76ac742d920afe1ba73c943f4bc7ba5d4,PASS_WITH_DOCUMENTED_STYLE_LIMITS
cv3_sidekick_002,cv3_sidekick_002.webp,cast_v3_sheet_07,6,1774,887,"(446, 445, 885, 885)",439,440,512,512,bef2eb29655c9b564812c1629a05d7e0e4dad81425863c853496f2b73cfeaee4,PASS_WITH_DOCUMENTED_STYLE_LIMITS
cv3_sidekick_003,cv3_sidekick_003.webp,cast_v3_sheet_07,7,1774,887,"(889, 445, 1328, 885)",439,440,512,512,1964eafae0f580a6db472fe0d72a05803031b67959777125ac984aa46db363a2,PASS_WITH_DOCUMENTED_STYLE_LIMITS
cv3_sidekick_004,cv3_sidekick_004.webp,cast_v3_sheet_07,8,1774,887,"(1333, 445, 1772, 885)",439,440,512,512,c4021e97c45b1d06e4b99f52b33c6b3fffb769982876426fc0f1d9a77a266b85,PASS_WITH_DOCUMENTED_STYLE_LIMITS
cv3_sidekick_005,cv3_sidekick_005.webp,cast_v3_sheet_08,1,1774,887,"(2, 2, 440, 440)",438,438,512,512,e3c73713cfaa521409f198b3eb6f20295cbd0d2f456126057a33a45727fe014b,PASS_WITH_DOCUMENTED_STYLE_LIMITS
cv3_sidekick_006,cv3_sidekick_006.webp,cast_v3_sheet_08,2,1774,887,"(447, 2, 883, 440)",436,438,512,512,553111e41bfa389357fcd946d1ade256ae1e850b26cd78f9a462a36137f3cde7,PASS_WITH_DOCUMENTED_STYLE_LIMITS
cv3_sidekick_007,cv3_sidekick_007.webp,cast_v3_sheet_08,3,1774,887,"(891, 2, 1327, 440)",436,438,512,512,d0bb6a6e2cc6c6832469646e86e4de35236ae3c62183c82c63b28db684b2683e,PASS_WITH_DOCUMENTED_STYLE_LIMITS
cv3_sidekick_008,cv3_sidekick_008.webp,cast_v3_sheet_08,4,1774,887,"(1334, 2, 1772, 440)",438,438,512,512,e81223057e02bf5ecfee9dc3451e8c939c86e58ccf6d33830a7aa62f72899218,PASS_WITH_DOCUMENTED_STYLE_LIMITS
cv3_sidekick_009,cv3_sidekick_009.webp,cast_v3_sheet_08,5,1774,887,"(2, 445, 440, 885)",438,440,512,512,d62eda4d6256b7a02a3094178ecf26100f3dd49d4d02bcb17daa64a51d06dee1,PASS_WITH_DOCUMENTED_STYLE_LIMITS
cv3_sidekick_010,cv3_sidekick_010.webp,cast_v3_sheet_08,6,1774,887,"(447, 445, 883, 885)",436,440,512,512,e173dca6b62f4dd6a0fc6d77d8287b82137f3db614ef99c6b7fa4b3bf7655d5e,PASS_WITH_DOCUMENTED_STYLE_LIMITS
cv3_sidekick_011,cv3_sidekick_011.webp,cast_v3_sheet_08,7,1774,887,"(891, 445, 1327, 885)",436,440,512,512,601b7fa601f5fba0deb9b57e59c50629204b720d0b5ae8a2d470224ddc90a6e4,PASS_WITH_DOCUMENTED_STYLE_LIMITS
cv3_sidekick_012,cv3_sidekick_012.webp,cast_v3_sheet_08,8,1774,887,"(1334, 445, 1772, 885)",438,440,512,512,a198c80dfbdcde919a38b12bbd290ef0973af8f7317fcbfb25d0161c7dd9dc44,PASS_WITH_DOCUMENTED_STYLE_LIMITS
cv3_sidekick_013,cv3_sidekick_013.webp,cast_v3_sheet_09,1,1774,887,"(2, 2, 441, 441)",439,439,512,512,71a896d3a8e0ed7f745b7c9ca0844f26c5cc53e37cc823a9433cecf8b2260374,PASS_WITH_DOCUMENTED_STYLE_LIMITS
cv3_sidekick_014,cv3_sidekick_014.webp,cast_v3_sheet_09,2,1774,887,"(446, 2, 885, 441)",439,439,512,512,19f4b82a575f6b884af0b2af87f6df82f239a2aff99d544fb3c7ea20ded45bc5,PASS_WITH_DOCUMENTED_STYLE_LIMITS
cv3_sidekick_015,cv3_sidekick_015.webp,cast_v3_sheet_09,3,1774,887,"(890, 2, 1328, 441)",438,439,512,512,554b5dcf38e738c7e72bcdb7ea5d82322d7d07c192d1f9dc4dafadb54f7c5016,PASS_WITH_DOCUMENTED_STYLE_LIMITS
cv3_sidekick_016,cv3_sidekick_016.webp,cast_v3_sheet_09,4,1774,887,"(1333, 2, 1772, 441)",439,439,512,512,97b23c8a94f3f85010ad5269c0a0abdf268587b83158c0bc7a722c4f905e7972,PASS_WITH_DOCUMENTED_STYLE_LIMITS
cv3_sidekick_017,cv3_sidekick_017.webp,cast_v3_sheet_09,5,1774,887,"(2, 446, 441, 885)",439,439,512,512,33d5bdb46718989fce1afd4db929eac79ed3c808ef8587382d60ea1f4127a112,PASS_WITH_DOCUMENTED_STYLE_LIMITS
cv3_sidekick_018,cv3_sidekick_018.webp,cast_v3_sheet_09,6,1774,887,"(446, 446, 885, 885)",439,439,512,512,13feb88951d926e484dd68fde1b93272d57255fc4d735fac0812149570c79b55,PASS_WITH_DOCUMENTED_STYLE_LIMITS
cv3_sidekick_019,cv3_sidekick_019.webp,cast_v3_sheet_09,7,1774,887,"(890, 446, 1328, 885)",438,439,512,512,653e7bec9208589fb442aa8141b35a8b5bbecd4b75109bd141805d9cdfc3290f,PASS_WITH_DOCUMENTED_STYLE_LIMITS
cv3_sidekick_020,cv3_sidekick_020.webp,cast_v3_sheet_09,8,1774,887,"(1333, 446, 1772, 885)",439,439,512,512,21502a35fd1f32c12949b10a75f2494f8d643001de3496b15fbde4d227df67dc,PASS_WITH_DOCUMENTED_STYLE_LIMITS
cv3_sidekick_021,cv3_sidekick_021.webp,cast_v3_sheet_10,1,1774,887,"(2, 2, 440, 441)",438,439,512,512,06878db1ba3fae63dafb72d82089fd03a3973b0da52a367ed74720c2f904714e,PASS_WITH_DOCUMENTED_STYLE_LIMITS
cv3_sidekick_022,cv3_sidekick_022.webp,cast_v3_sheet_10,2,1774,887,"(446, 2, 884, 441)",438,439,512,512,e63c6db4f4aa36de2d67480e4364045b5a017bad236ad87ce2339023222e48df,PASS_WITH_DOCUMENTED_STYLE_LIMITS
cv3_sidekick_023,cv3_sidekick_023.webp,cast_v3_sheet_10,3,1774,887,"(889, 2, 1328, 441)",439,439,512,512,ea79182917f9185322f9d47e84b3a5150dd4db3b0343a58baab3e394c0f8bd8c,PASS_WITH_DOCUMENTED_STYLE_LIMITS
cv3_sidekick_024,cv3_sidekick_024.webp,cast_v3_sheet_10,4,1774,887,"(1333, 2, 1772, 441)",439,439,512,512,9a8db33fb2db37b461f9c117ad27950674cdc4a51a3d9e3024f37931b09d2042,PASS_WITH_DOCUMENTED_STYLE_LIMITS
cv3_sidekick_025,cv3_sidekick_025.webp,cast_v3_sheet_10,5,1774,887,"(2, 446, 440, 885)",438,439,512,512,6e8f71f83433f30c8523651795b5988cf141cd4c3d317213299d7ac1a681add9,PASS_WITH_DOCUMENTED_STYLE_LIMITS
cv3_sidekick_026,cv3_sidekick_026.webp,cast_v3_sheet_10,6,1774,887,"(446, 446, 884, 885)",438,439,512,512,d4a6bcfa683c89b88205ed3c5064daeb4feacb8fa1f168f9eeb940fd34844c0a,PASS_WITH_DOCUMENTED_STYLE_LIMITS
cv3_sidekick_027,cv3_sidekick_027.webp,cast_v3_sheet_10,7,1774,887,"(889, 446, 1328, 885)",439,439,512,512,e79e7059075044de23248ba437da12c8b1dc5ab3eec65d0f4291cceca74a37ef,PASS_WITH_DOCUMENTED_STYLE_LIMITS
cv3_sidekick_028,cv3_sidekick_028.webp,cast_v3_sheet_10,8,1774,887,"(1333, 446, 1772, 885)",439,439,512,512,b10120693dee301c716070f19d468555f7e33333a7ba73203ffa70f3d4252647,PASS_WITH_DOCUMENTED_STYLE_LIMITS
cv3_sidekick_029,cv3_sidekick_029.webp,cast_v3_sheet_11,1,1774,887,"(2, 2, 442, 441)",440,439,512,512,8d0d71eaee3f1e7d8012afb7652e10b29ad35d706950879a260eecb9d80de40b,PASS_WITH_DOCUMENTED_STYLE_LIMITS
cv3_sidekick_030,cv3_sidekick_030.webp,cast_v3_sheet_11,2,1774,887,"(445, 2, 885, 441)",440,439,512,512,6616913deb75ef12083a7d17d62f4edd01f46ebf35f7434ab29f51a48af7e134,PASS_WITH_DOCUMENTED_STYLE_LIMITS
cv3_sidekick_031,cv3_sidekick_031.webp,cast_v3_sheet_11,3,1774,887,"(889, 2, 1329, 441)",440,439,512,512,be000611283abb919fdd1347219bb1e395c7ea010a78377beb3c8ad07214d876,PASS_WITH_DOCUMENTED_STYLE_LIMITS
cv3_sidekick_032,cv3_sidekick_032.webp,cast_v3_sheet_11,4,1774,887,"(1332, 2, 1772, 441)",440,439,512,512,8ba851e69e43acf5103d08e79b57efd83bb334f4e0f3c25848a130e7e89fb951,PASS_WITH_DOCUMENTED_STYLE_LIMITS
cv3_sidekick_033,cv3_sidekick_033.webp,cast_v3_sheet_11,5,1774,887,"(2, 445, 442, 885)",440,440,512,512,f7b197b15c9172ea52305ff82ddec92e6b4b0d3c234a395a1beb23b4d614a29c,PASS_WITH_DOCUMENTED_STYLE_LIMITS
cv3_sidekick_034,cv3_sidekick_034.webp,cast_v3_sheet_11,6,1774,887,"(445, 445, 885, 885)",440,440,512,512,ff046ac1a5960a674af647c2c1a15acca8753d7c9ca06b09553499fafb202f11,PASS_WITH_DOCUMENTED_STYLE_LIMITS
cv3_sidekick_035,cv3_sidekick_035.webp,cast_v3_sheet_11,7,1774,887,"(889, 445, 1329, 885)",440,440,512,512,5ca0d0742fdbf3fbeb695e23b593337c531e2489a78d8ea709ca47abad9addf5,PASS_WITH_DOCUMENTED_STYLE_LIMITS
cv3_sidekick_036,cv3_sidekick_036.webp,cast_v3_sheet_11,8,1774,887,"(1332, 445, 1772, 885)",440,440,512,512,f943ce44a34f1d93246bd9eb2c292095daf7bab6bd4b0402497d34900912c003,PASS_WITH_DOCUMENTED_STYLE_LIMITS
cv3_sidekick_037,cv3_sidekick_037.webp,cast_v3_sheet_12,1,1774,887,"(2, 2, 441, 441)",439,439,512,512,0c7ee29bd6a97301aa6be855cef51b729d16034d3b0cbad958e84205b40623b9,PASS_WITH_DOCUMENTED_STYLE_LIMITS
cv3_sidekick_038,cv3_sidekick_038.webp,cast_v3_sheet_12,2,1774,887,"(446, 2, 884, 441)",438,439,512,512,7cebcf4680c8790f23916682d8cd45c1f4cac7433c7af21e2d0bbbe4e7e7bd5c,PASS_WITH_DOCUMENTED_STYLE_LIMITS
cv3_sidekick_039,cv3_sidekick_039.webp,cast_v3_sheet_12,3,1774,887,"(890, 2, 1328, 441)",438,439,512,512,fbbaa76efa4bdc98e903b4d94468a525c38898ef3124c6cead0d0c66002688b2,PASS_WITH_DOCUMENTED_STYLE_LIMITS
cv3_sidekick_040,cv3_sidekick_040.webp,cast_v3_sheet_12,4,1774,887,"(1333, 2, 1772, 441)",439,439,512,512,8f4cfa1157b18e6edf28ef839b355f6a81936a2fece2ad62f03b91ca085bb556,PASS_WITH_DOCUMENTED_STYLE_LIMITS
cv3_sidekick_041,cv3_sidekick_041.webp,cast_v3_sheet_12,5,1774,887,"(2, 446, 441, 885)",439,439,512,512,2b48706b69521ee941fca5c9143ed15ed168f7f103f58975f90f12227c4fad74,PASS_WITH_DOCUMENTED_STYLE_LIMITS
cv3_sidekick_042,cv3_sidekick_042.webp,cast_v3_sheet_12,6,1774,887,"(446, 446, 884, 885)",438,439,512,512,eac9d5a04d26f6be4c4b94e29f5b83abaa8c2a7db98ddc6cdd4bfe6013eddd72,PASS_WITH_DOCUMENTED_STYLE_LIMITS
cv3_sidekick_043,cv3_sidekick_043.webp,cast_v3_sheet_12,7,1774,887,"(890, 446, 1328, 885)",438,439,512,512,a6c9db40d51fa34b9d9b3815676205cf3c682b69e9308f0530e05b288559c1ad,PASS_WITH_DOCUMENTED_STYLE_LIMITS
cv3_sidekick_044,cv3_sidekick_044.webp,cast_v3_sheet_12,8,1774,887,"(1333, 446, 1772, 885)",439,439,512,512,db4f15afd65819fa52121ccf390ef3b1f126b4ff022e8bc9e682a5cb94e62ebc,PASS_WITH_DOCUMENTED_STYLE_LIMITS
cv3_sidekick_045,cv3_sidekick_045.webp,cast_v3_sheet_13,1,1774,887,"(2, 2, 440, 440)",438,438,512,512,7bf8b6ce7fd5cc7b4325a77f802ab3662abb71d1de04d6c8eaed1737572fc6bf,PASS_WITH_DOCUMENTED_STYLE_LIMITS
cv3_sidekick_046,cv3_sidekick_046.webp,cast_v3_sheet_13,2,1774,887,"(447, 2, 883, 440)",436,438,512,512,f77a0e208af17a1ba0f213af6248b6b635eb09c1db1b1006f7a55fdf279fbc60,PASS_WITH_DOCUMENTED_STYLE_LIMITS
cv3_sidekick_047,cv3_sidekick_047.webp,cast_v3_sheet_13,3,1774,887,"(890, 2, 1327, 440)",437,438,512,512,d4f2240684e061d9c5d21322e659b11d7b6dc69bb6ef071bf03712da9f9bafb8,PASS_WITH_DOCUMENTED_STYLE_LIMITS
cv3_sidekick_048,cv3_sidekick_048.webp,cast_v3_sheet_13,4,1774,887,"(1334, 2, 1772, 440)",438,438,512,512,231336a1b3034b5069677f0432d97060e3ca6af78319039ffcbba02823622da2,PASS_WITH_DOCUMENTED_STYLE_LIMITS
cv3_sidekick_049,cv3_sidekick_049.webp,cast_v3_sheet_13,5,1774,887,"(2, 447, 440, 885)",438,438,512,512,5920f00bf4c24f375d8ba66fe7cb59bd90a9681e63403a8894d88322b2474250,PASS_WITH_DOCUMENTED_STYLE_LIMITS
cv3_sidekick_050,cv3_sidekick_050.webp,cast_v3_sheet_13,6,1774,887,"(447, 447, 883, 885)",436,438,512,512,f478007eda1e7465499626f16953d8ff59eb25c0c658908ea187551af04bba29,PASS_WITH_DOCUMENTED_STYLE_LIMITS
cv3_sidekick_051,cv3_sidekick_051.webp,cast_v3_sheet_13,7,1774,887,"(890, 447, 1327, 885)",437,438,512,512,5d3faf8ab160a0508b37d2cac4f0b460efc7ee7dd94e4947c7b87bf3a6c54dd0,PASS_WITH_DOCUMENTED_STYLE_LIMITS
cv3_sidekick_052,cv3_sidekick_052.webp,cast_v3_sheet_13,8,1774,887,"(1334, 447, 1772, 885)",438,438,512,512,4f3b11998837705708d65ab1781108c51760b4470d1d1f185372b5891c05e646,PASS_WITH_DOCUMENTED_STYLE_LIMITS
cv3_mascot_001,cv3_mascot_001.webp,cast_v3_sheet_14,1,1774,887,"(2, 2, 440, 441)",438,439,512,512,fad0d55bac8f9ae2c9ddc701f19a1d3604f3577a89254d58d3d2d42c8afdd3c5,PASS_WITH_DOCUMENTED_STYLE_LIMITS
cv3_mascot_002,cv3_mascot_002.webp,cast_v3_sheet_14,2,1774,887,"(447, 2, 883, 441)",436,439,512,512,2204071524dec5e311ca60b3138c8f5e46567dd26d4487e343c959c48098350d,PASS_WITH_DOCUMENTED_STYLE_LIMITS
cv3_mascot_003,cv3_mascot_003.webp,cast_v3_sheet_14,3,1774,887,"(890, 2, 1328, 441)",438,439,512,512,9caa97e5da5b536ec00a13cb9e0840ef68b114067ffa848fe9694e5b142dc018,PASS_WITH_DOCUMENTED_STYLE_LIMITS
cv3_mascot_004,cv3_mascot_004.webp,cast_v3_sheet_14,4,1774,887,"(1334, 2, 1772, 441)",438,439,512,512,ed5596b85d0496e5cc09ba2000549c88b2698bd921ff39ca02a7c709089d89da,PASS_WITH_DOCUMENTED_STYLE_LIMITS
cv3_mascot_005,cv3_mascot_005.webp,cast_v3_sheet_14,5,1774,887,"(2, 446, 440, 885)",438,439,512,512,fff524051c328bd1d3d1c70ed697d720ed2f51ecfde221946c9ff9e85747826e,PASS_WITH_DOCUMENTED_STYLE_LIMITS
cv3_mascot_006,cv3_mascot_006.webp,cast_v3_sheet_14,6,1774,887,"(447, 446, 883, 885)",436,439,512,512,a23836adc5d59c44aa6a23b8818d7606ba89aeefed21309d83f0f4cb8fa78d8f,PASS_WITH_DOCUMENTED_STYLE_LIMITS
cv3_mascot_007,cv3_mascot_007.webp,cast_v3_sheet_14,7,1774,887,"(890, 446, 1328, 885)",438,439,512,512,6ec0254a1d9b60cd344ccd903ec7d220e6fd9c225507d63456c0be25441fdf7c,PASS_WITH_DOCUMENTED_STYLE_LIMITS
cv3_mascot_008,cv3_mascot_008.webp,cast_v3_sheet_14,8,1774,887,"(1334, 446, 1772, 885)",438,439,512,512,6c77c3c3124d1fbb0cf40d655722a666c062607e0117c66375f01902a8353dc9,PASS_WITH_DOCUMENTED_STYLE_LIMITS
cv3_mascot_009,cv3_mascot_009.webp,cast_v3_sheet_15,1,1774,887,"(2, 2, 441, 442)",439,440,512,512,f26717862ed3287bc1052cf2481b2e0dfd8373ee86b7e89748aab3660850b6ef,PASS_WITH_DOCUMENTED_STYLE_LIMITS
cv3_mascot_010,cv3_mascot_010.webp,cast_v3_sheet_15,2,1774,887,"(445, 2, 885, 442)",440,440,512,512,7818ab07a06c165a7f8680a84443adaaee387cc1ae3081d7084e8af01a4e2260,PASS_WITH_DOCUMENTED_STYLE_LIMITS
cv3_mascot_011,cv3_mascot_011.webp,cast_v3_sheet_15,3,1774,887,"(889, 2, 1328, 442)",439,440,512,512,4c2f4710e1b9de5c4cb019692857fcb28478be75ff6423600bb06e37dfef1858,PASS_WITH_DOCUMENTED_STYLE_LIMITS
cv3_mascot_012,cv3_mascot_012.webp,cast_v3_sheet_15,4,1774,887,"(1333, 2, 1772, 442)",439,440,512,512,78aac883064ba86e0cc2c31f4908198ff91a457030368e9f15ea0f84b4112ba7,PASS_WITH_DOCUMENTED_STYLE_LIMITS
cv3_mascot_013,cv3_mascot_013.webp,cast_v3_sheet_15,5,1774,887,"(2, 445, 441, 885)",439,440,512,512,6795363888ac4669ff0e26f433cae02835f79354ca28c394f6fb4f8e0dc83af1,PASS_WITH_DOCUMENTED_STYLE_LIMITS
cv3_mascot_014,cv3_mascot_014.webp,cast_v3_sheet_15,6,1774,887,"(445, 445, 885, 885)",440,440,512,512,7100b3be2856985f611dcae29aab11d3817013ee427383114ed59370e9869dfc,PASS_WITH_DOCUMENTED_STYLE_LIMITS
cv3_mascot_015,cv3_mascot_015.webp,cast_v3_sheet_15,7,1774,887,"(889, 445, 1328, 885)",439,440,512,512,10eda266350738c3a6619db29f79e9008f244c9db58c5bf81693193d75bc8850,PASS_WITH_DOCUMENTED_STYLE_LIMITS
cv3_mascot_016,cv3_mascot_016.webp,cast_v3_sheet_15,8,1774,887,"(1333, 445, 1772, 885)",439,440,512,512,95c946d7b5dfa0f1f078ca137b38e0b9f29b3a0875848cedda3007d5aecfd2ab,PASS_WITH_DOCUMENTED_STYLE_LIMITS
cv3_mascot_017,cv3_mascot_017.webp,cast_v3_sheet_16,1,1774,887,"(2, 2, 441, 441)",439,439,512,512,712113eb6a78f77ff182596eb7f2b756e08bceadc2aa6d36a3bf58bce5598ead,PASS_WITH_DOCUMENTED_STYLE_LIMITS
cv3_mascot_018,cv3_mascot_018.webp,cast_v3_sheet_16,2,1774,887,"(447, 2, 884, 441)",437,439,512,512,a1c9f9b70f343dc8d25c442dfc1071fa31d4b5d6daa9fc299008994343722b2c,PASS_WITH_DOCUMENTED_STYLE_LIMITS
cv3_mascot_019,cv3_mascot_019.webp,cast_v3_sheet_16,3,1774,887,"(889, 2, 1328, 441)",439,439,512,512,5a9cfa896e3e1ad7bfcbfa5e12e3858240370af3948caad610a583a07b4fbb23,PASS_WITH_DOCUMENTED_STYLE_LIMITS
cv3_mascot_020,cv3_mascot_020.webp,cast_v3_sheet_16,4,1774,887,"(1332, 2, 1772, 441)",440,439,512,512,a37bdc0a018ffc4cade73f430a1152af0336eb7ba68520f8b3ddf8cd1dc46755,PASS_WITH_DOCUMENTED_STYLE_LIMITS
cv3_mascot_021,cv3_mascot_021.webp,cast_v3_sheet_16,5,1774,887,"(2, 446, 441, 885)",439,439,512,512,b762e7f657615d21a0b05bcb30fe01db17ae90242674422e284d383bf22b1864,PASS_WITH_DOCUMENTED_STYLE_LIMITS
cv3_mascot_022,cv3_mascot_022.webp,cast_v3_sheet_16,6,1774,887,"(447, 446, 884, 885)",437,439,512,512,49cc558c3bb171f9fc87bb3d5172dd0c16c72a2c0fcfbca53d1c9e2f71185668,PASS_WITH_DOCUMENTED_STYLE_LIMITS
cv3_mascot_023,cv3_mascot_023.webp,cast_v3_sheet_16,7,1774,887,"(889, 446, 1328, 885)",439,439,512,512,a89ec956669754ec86ef839ed73a03e74e9a4cb2b93fed63aefa2b8191f4d839,PASS_WITH_DOCUMENTED_STYLE_LIMITS
cv3_mascot_024,cv3_mascot_024.webp,cast_v3_sheet_16,8,1774,887,"(1332, 446, 1772, 885)",440,439,512,512,366291e0c528e7b900338217de0c322772458ade7fbb9ed3b2add0c95bc46d6b,PASS_WITH_DOCUMENTED_STYLE_LIMITS
cv3_mascot_025,cv3_mascot_025.webp,cast_v3_sheet_17,1,1774,887,"(2, 2, 441, 440)",439,438,512,512,b47a5565eaed62eb3ebd0dec85cee61a8f8159bbb861c23a0dc35c7a191d2630,PASS_WITH_DOCUMENTED_STYLE_LIMITS
cv3_mascot_026,cv3_mascot_026.webp,cast_v3_sheet_17,2,1774,887,"(448, 2, 881, 440)",433,438,512,512,6e8ea8827f7611fdacc4b76d35e425de2bb56a3e60e32133efe4a467f3d469ee,PASS_WITH_DOCUMENTED_STYLE_LIMITS
cv3_mascot_027,cv3_mascot_027.webp,cast_v3_sheet_17,3,1774,887,"(888, 2, 1325, 440)",437,438,512,512,e7e15c17f3bff3a79f447cc2f179bc8c98655b2a7e3d7c9adfa52ac551bafc82,PASS_WITH_DOCUMENTED_STYLE_LIMITS
cv3_mascot_028,cv3_mascot_028.webp,cast_v3_sheet_17,4,1774,887,"(1333, 2, 1772, 440)",439,438,512,512,1565d74524a1434659ce3a66211bbfafe1efed87538d09240a487c14aac9f4f5,PASS_WITH_DOCUMENTED_STYLE_LIMITS
cv3_mascot_029,cv3_mascot_029.webp,cast_v3_sheet_17,5,1774,887,"(2, 445, 441, 885)",439,440,512,512,d31a2be5659383fdb543bd99e887a2caf5ac50ca7d7db1fe181915a99c378589,PASS_WITH_DOCUMENTED_STYLE_LIMITS
cv3_mascot_030,cv3_mascot_030.webp,cast_v3_sheet_17,6,1774,887,"(448, 445, 881, 885)",433,440,512,512,571ac79624cc6af1bd8a30aef13343cd489acdef27dbd5711f8eb1698eb46d22,PASS_WITH_DOCUMENTED_STYLE_LIMITS
cv3_mascot_031,cv3_mascot_031.webp,cast_v3_sheet_17,7,1774,887,"(888, 445, 1325, 885)",437,440,512,512,897e81c4dbd5d7537e612592f146c157aea72811c1d6a599ba4507228a77926a,PASS_WITH_DOCUMENTED_STYLE_LIMITS
cv3_mascot_032,cv3_mascot_032.webp,cast_v3_sheet_17,8,1774,887,"(1333, 445, 1772, 885)",439,440,512,512,99f53538b8ffc866c9c900314d7295bc8d32be03085b81f541ac930e9db8e82e,PASS_WITH_DOCUMENTED_STYLE_LIMITS
cv3_mascot_033,cv3_mascot_033.webp,cast_v3_sheet_18,1,1774,887,"(2, 2, 438, 441)",436,439,512,512,6575cc8e9a9ea15382bd33c060193c1548d0ad24075f5e7878dcf996985b62b9,PASS_WITH_DOCUMENTED_STYLE_LIMITS
cv3_mascot_034,cv3_mascot_034.webp,cast_v3_sheet_18,2,1774,887,"(448, 2, 882, 441)",434,439,512,512,b898664e27d98b0c188d3ca7315c1dd7bd87d85e0d21a0db30ee5a9c0d858285,PASS_WITH_DOCUMENTED_STYLE_LIMITS
cv3_mascot_035,cv3_mascot_035.webp,cast_v3_sheet_18,3,1774,887,"(891, 2, 1326, 441)",435,439,512,512,77b6d16b62670235929c69c8196a0646ea781ef5b76f3284e248035ed70fc2c4,PASS_WITH_DOCUMENTED_STYLE_LIMITS
cv3_mascot_036,cv3_mascot_036.webp,cast_v3_sheet_18,4,1774,887,"(1336, 2, 1772, 441)",436,439,512,512,1a2d6d045daab8018c6523a7f22aeadf409017d4c2dc3b05e41ba0ca04805ab9,PASS_WITH_DOCUMENTED_STYLE_LIMITS
cv3_mascot_037,cv3_mascot_037.webp,cast_v3_sheet_18,5,1774,887,"(2, 447, 438, 885)",436,438,512,512,6ee7a4ca7f15f27c0ed90c86bdef2408525a0d86e934dba0861ac479095b0926,PASS_WITH_DOCUMENTED_STYLE_LIMITS
cv3_mascot_038,cv3_mascot_038.webp,cast_v3_sheet_18,6,1774,887,"(448, 447, 882, 885)",434,438,512,512,429f134b17e34e868c2e9c0b29fff6dcdf36a9b64a0017518d3c0ce0cf5b8433,PASS_WITH_DOCUMENTED_STYLE_LIMITS
cv3_mascot_039,cv3_mascot_039.webp,cast_v3_sheet_18,7,1774,887,"(891, 447, 1326, 885)",435,438,512,512,2e2325f6baeb3fee0c0282ad555813dd1aeecb8f91b3132feccf6e6ed81de7c5,PASS_WITH_DOCUMENTED_STYLE_LIMITS
cv3_mascot_040,cv3_mascot_040.webp,cast_v3_sheet_18,8,1774,887,"(1336, 447, 1772, 885)",436,438,512,512,1c4a5711ad3f7dceb761d8b05de1d9a76be2b5de9d18138ab36139ad317c2700,PASS_WITH_DOCUMENTED_STYLE_LIMITS
cv3_mascot_041,cv3_mascot_041.webp,cast_v3_sheet_19,1,1774,887,"(2, 2, 439, 440)",437,438,512,512,251d7998324579a00820ebe35a19f9064bad56985afa7a0282acee1869a037d7,PASS_WITH_DOCUMENTED_STYLE_LIMITS
cv3_mascot_042,cv3_mascot_042.webp,cast_v3_sheet_19,2,1774,887,"(447, 2, 883, 440)",436,438,512,512,61e41e6d5e388059e2e8821cd5981b1556c78824b4cb88b810e15751dd8f3b0f,PASS_WITH_DOCUMENTED_STYLE_LIMITS
cv3_mascot_043,cv3_mascot_043.webp,cast_v3_sheet_19,3,1774,887,"(891, 2, 1328, 440)",437,438,512,512,433bedc55525cf2e25b1c678a21fe97d8dbe086cf9e8662fb10e62d9ffbfec53,PASS_WITH_DOCUMENTED_STYLE_LIMITS
cv3_mascot_044,cv3_mascot_044.webp,cast_v3_sheet_19,4,1774,887,"(1335, 2, 1772, 440)",437,438,512,512,23b21dfe4df02789208ffb19cb47f8575a14b7df9e4fc47c727d9dca0fe8474e,PASS_WITH_DOCUMENTED_STYLE_LIMITS
cv3_mascot_045,cv3_mascot_045.webp,cast_v3_sheet_19,5,1774,887,"(2, 447, 439, 885)",437,438,512,512,beeec99b6c5b214b11a73604a56554bdfe6f9b9152e4bd54ce0d0f6f1c465fb7,PASS_WITH_DOCUMENTED_STYLE_LIMITS
cv3_mascot_046,cv3_mascot_046.webp,cast_v3_sheet_19,6,1774,887,"(447, 447, 883, 885)",436,438,512,512,c0bfc26bca627d28bc23f01b4a79be9434eaaa93b17fe1ee9930ff371a8e28b8,PASS_WITH_DOCUMENTED_STYLE_LIMITS
cv3_mascot_047,cv3_mascot_047.webp,cast_v3_sheet_19,7,1774,887,"(891, 447, 1328, 885)",437,438,512,512,9298a27b50d298708ff2629ec172505f14c6696b5443cde50bbf7f71eb39f5a3,PASS_WITH_DOCUMENTED_STYLE_LIMITS
cv3_mascot_048,cv3_mascot_048.webp,cast_v3_sheet_19,8,1774,887,"(1335, 447, 1772, 885)",437,438,512,512,a492ba4617e4d3de00d6ce0ce1cc11f2bd47889c03dc4d998144ddad6b7d0a2f,PASS_WITH_DOCUMENTED_STYLE_LIMITS
cv3_mascot_049,cv3_mascot_049.webp,cast_v3_sheet_20,1,1774,887,"(2, 2, 439, 441)",437,439,512,512,e28e12b3d17d173aff992851b0367cefe5a3ae69e85f6c30f66dcf9ef931ace1,PASS_WITH_DOCUMENTED_STYLE_LIMITS
cv3_mascot_050,cv3_mascot_050.webp,cast_v3_sheet_20,2,1774,887,"(447, 2, 883, 441)",436,439,512,512,2f3dc940dae02899e1731c9acd2ce7a53ca8c9da32bcf167f1e08e5fc741c49d,PASS_WITH_DOCUMENTED_STYLE_LIMITS
cv3_mascot_051,cv3_mascot_051.webp,cast_v3_sheet_20,3,1774,887,"(891, 2, 1327, 441)",436,439,512,512,0d5ef50812ea7e3e0ac62e1309f45d73bd7ad024928c4e9564dd9a8e97166a12,PASS_WITH_DOCUMENTED_STYLE_LIMITS
cv3_mascot_052,cv3_mascot_052.webp,cast_v3_sheet_20,4,1774,887,"(1335, 2, 1772, 441)",437,439,512,512,980b9cfc6d10de84adbbb47d1821241be551e8ee4ea174a6d25f2a37fed84078,PASS_WITH_DOCUMENTED_STYLE_LIMITS
cv3_villain_001,cv3_villain_001.webp,cast_v3_sheet_20,5,1774,887,"(2, 446, 439, 885)",437,439,512,512,395585e40ff4362548cdb6804c128ebe201ce6d78fde06244f2606891cadfd7b,PASS_WITH_DOCUMENTED_STYLE_LIMITS
cv3_villain_002,cv3_villain_002.webp,cast_v3_sheet_20,6,1774,887,"(447, 446, 883, 885)",436,439,512,512,6c2227fd168a6a91b81736eb286c8342ac31f57d05c1c549bbc85c92982814a5,PASS_WITH_DOCUMENTED_STYLE_LIMITS
cv3_villain_003,cv3_villain_003.webp,cast_v3_sheet_20,7,1774,887,"(891, 446, 1327, 885)",436,439,512,512,985fcb56272a6435f513f5d722b23ac3dcdde2551dbdcd534f0de55173967a21,PASS_WITH_DOCUMENTED_STYLE_LIMITS
cv3_villain_004,cv3_villain_004.webp,cast_v3_sheet_20,8,1774,887,"(1335, 446, 1772, 885)",437,439,512,512,82db7f1b29953897a20ac466ecc41db18305cd0de63633b0e3f5252e0074cebe,PASS_WITH_DOCUMENTED_STYLE_LIMITS
cv3_villain_005,cv3_villain_005.webp,cast_v3_sheet_21,1,1774,887,"(2, 2, 440, 441)",438,439,512,512,6a48cd9292f9e7e7145c834d63e604c51ce63d5e06021e7eab1c192328a811c7,PASS_WITH_DOCUMENTED_STYLE_LIMITS
cv3_villain_006,cv3_villain_006.webp,cast_v3_sheet_21,2,1774,887,"(447, 2, 883, 441)",436,439,512,512,c131f2c891437e2c3bfa8ab5dc6c7103aa429dac4d8f0e0c39cff0cec2d052d3,PASS_WITH_DOCUMENTED_STYLE_LIMITS
cv3_villain_007,cv3_villain_007.webp,cast_v3_sheet_21,3,1774,887,"(890, 2, 1327, 441)",437,439,512,512,6db925e9f0c14568bd2743ec2a615aff4bbfba04a0499af7c6c7d9608fcf632d,PASS_WITH_DOCUMENTED_STYLE_LIMITS
cv3_villain_008,cv3_villain_008.webp,cast_v3_sheet_21,4,1774,887,"(1334, 2, 1772, 441)",438,439,512,512,4b1d1ca60d419ef47bff706122ea00192061e50d7239f2d79df8dd236a6da6b6,PASS_WITH_DOCUMENTED_STYLE_LIMITS
cv3_villain_009,cv3_villain_009.webp,cast_v3_sheet_21,5,1774,887,"(2, 446, 440, 885)",438,439,512,512,2cdb080be89c72b3ca344e9f7305968be99e1eaca2361e1f0edaaccdce37405c,PASS_WITH_DOCUMENTED_STYLE_LIMITS
cv3_villain_010,cv3_villain_010.webp,cast_v3_sheet_21,6,1774,887,"(447, 446, 883, 885)",436,439,512,512,d007e0f712a5cb3fe33b8a6de75c2672984b37d03b16bb93be4bf6932d1ceb66,PASS_WITH_DOCUMENTED_STYLE_LIMITS
cv3_villain_011,cv3_villain_011.webp,cast_v3_sheet_21,7,1774,887,"(890, 446, 1327, 885)",437,439,512,512,a6c22ddf2d5415724f15a543f0f2d895b6894bcdcaf12665f247d6c15f1ef55a,PASS_WITH_DOCUMENTED_STYLE_LIMITS
cv3_villain_012,cv3_villain_012.webp,cast_v3_sheet_21,8,1774,887,"(1334, 446, 1772, 885)",438,439,512,512,8d9e9cebd7eb88cb38c7de5f5d5f6001a59b3b0e6f25dc342b5c17576d259c88,PASS_WITH_DOCUMENTED_STYLE_LIMITS
cv3_villain_013,cv3_villain_013.webp,cast_v3_sheet_22,1,1774,887,"(2, 2, 440, 440)",438,438,512,512,0c096fbb1b6b7e90a46149d07b323c9b6d07e4292b3e224c5d971cf3591dd2c7,PASS_WITH_DOCUMENTED_STYLE_LIMITS
cv3_villain_014,cv3_villain_014.webp,cast_v3_sheet_22,2,1774,887,"(447, 2, 883, 440)",436,438,512,512,fc21dc698307eb0535e5a65a4e44547d59a0dd4d4f95af5338f42ea42ca19826,PASS_WITH_DOCUMENTED_STYLE_LIMITS
cv3_villain_015,cv3_villain_015.webp,cast_v3_sheet_22,3,1774,887,"(890, 2, 1327, 440)",437,438,512,512,2d507eda8d99eb21516da6ba15058cef5da21c7bfb233353cea5d97e93a2e90b,PASS_WITH_DOCUMENTED_STYLE_LIMITS
cv3_villain_016,cv3_villain_016.webp,cast_v3_sheet_22,4,1774,887,"(1334, 2, 1772, 440)",438,438,512,512,8d33adbe685f87342443d1ad10a2b099fcdba5cfe735b5f2073eae6daedde5a7,PASS_WITH_DOCUMENTED_STYLE_LIMITS
cv3_villain_017,cv3_villain_017.webp,cast_v3_sheet_22,5,1774,887,"(2, 446, 440, 885)",438,439,512,512,0695cc60a29259215e47c8d669dfaf926665157ae195dcdd4a46067b1d8b0f6b,PASS_WITH_DOCUMENTED_STYLE_LIMITS
cv3_villain_018,cv3_villain_018.webp,cast_v3_sheet_22,6,1774,887,"(447, 446, 883, 885)",436,439,512,512,fbe65d3435055621a6817bdd51e557863ce09dbd0608a25905e037d221334004,PASS_WITH_DOCUMENTED_STYLE_LIMITS
cv3_villain_019,cv3_villain_019.webp,cast_v3_sheet_22,7,1774,887,"(890, 446, 1327, 885)",437,439,512,512,1479b1fbbf99c232d76e46e89e928d3de365e3669ae3b16db6e14a39e6b737f4,PASS_WITH_DOCUMENTED_STYLE_LIMITS
cv3_villain_020,cv3_villain_020.webp,cast_v3_sheet_22,8,1774,887,"(1334, 446, 1772, 885)",438,439,512,512,77267daf75fe045af521cd829185b7df6e7283e3ffa679a0a0e836f2771df135,PASS_WITH_DOCUMENTED_STYLE_LIMITS
cv3_villain_021,cv3_villain_021.webp,cast_v3_sheet_23,1,1774,887,"(2, 2, 439, 440)",437,438,512,512,5545d2301304dfd0e82168c8ed81be29effa6b42c1c72cea1647921b472b75ea,PASS_WITH_DOCUMENTED_STYLE_LIMITS
cv3_villain_022,cv3_villain_022.webp,cast_v3_sheet_23,2,1774,887,"(446, 2, 884, 440)",438,438,512,512,f566fd4a5c766e2f4efa1fbe1c6e7beefcedbfb6f9446e158b6c3faff06463fe,PASS_WITH_DOCUMENTED_STYLE_LIMITS
cv3_villain_023,cv3_villain_023.webp,cast_v3_sheet_23,3,1774,887,"(891, 2, 1328, 440)",437,438,512,512,e81f303e2e5ac3f51bf773d1d53c3495828b1fbd5b53d00d9c4654d2c61b2c3f,PASS_WITH_DOCUMENTED_STYLE_LIMITS
cv3_villain_024,cv3_villain_024.webp,cast_v3_sheet_23,4,1774,887,"(1336, 2, 1772, 440)",436,438,512,512,273fbb0843b8cca0dfd60d21f34cce34647d526f4042c0e27c18f9ee5a25b009,PASS_WITH_DOCUMENTED_STYLE_LIMITS
cv3_villain_025,cv3_villain_025.webp,cast_v3_sheet_23,5,1774,887,"(2, 446, 439, 885)",437,439,512,512,72fbc0376b6131042c4edcf948f0d92c54ee6b64191dd752feb232e510d17491,PASS_WITH_DOCUMENTED_STYLE_LIMITS
cv3_villain_026,cv3_villain_026.webp,cast_v3_sheet_23,6,1774,887,"(446, 446, 884, 885)",438,439,512,512,88bc54c9b9ff94d4da236e7afd47c29f7670b575180122d859494297a7f3926c,PASS_WITH_DOCUMENTED_STYLE_LIMITS
cv3_villain_027,cv3_villain_027.webp,cast_v3_sheet_23,7,1774,887,"(891, 446, 1328, 885)",437,439,512,512,59804fde779836e958be1f2f33bf2802f514cb5a89b2f7c12c71d1984600ccbd,PASS_WITH_DOCUMENTED_STYLE_LIMITS
cv3_villain_028,cv3_villain_028.webp,cast_v3_sheet_23,8,1774,887,"(1336, 446, 1772, 885)",436,439,512,512,f0edc29cc87bbf92f51a5132b6d0da0fa1ef45afd01ebee41eed85be715736cf,PASS_WITH_DOCUMENTED_STYLE_LIMITS
cv3_villain_029,cv3_villain_029.webp,cast_v3_sheet_24,1,1774,887,"(2, 2, 439, 440)",437,438,512,512,a75b3cdbbf5651396453d537413d487f49c69facb6a568855681affa8075ea89,PASS_WITH_DOCUMENTED_STYLE_LIMITS
cv3_villain_030,cv3_villain_030.webp,cast_v3_sheet_24,2,1774,887,"(448, 2, 883, 440)",435,438,512,512,690f11fd43925a83b271c7485e1ebe5648bf3d8f245dcf33583fce55188a2100,PASS_WITH_DOCUMENTED_STYLE_LIMITS
cv3_villain_031,cv3_villain_031.webp,cast_v3_sheet_24,3,1774,887,"(891, 2, 1326, 440)",435,438,512,512,40b246de1d38fad1787410895757a22939b553601c681183f039a2b03d6d6913,PASS_WITH_DOCUMENTED_STYLE_LIMITS
cv3_villain_032,cv3_villain_032.webp,cast_v3_sheet_24,4,1774,887,"(1335, 2, 1772, 440)",437,438,512,512,7dc88e36dd7a155c494144836579e0f953291a532bdee75a223612936b074506,PASS_WITH_DOCUMENTED_STYLE_LIMITS
cv3_villain_033,cv3_villain_033.webp,cast_v3_sheet_24,5,1774,887,"(2, 446, 439, 885)",437,439,512,512,80a3b123accee7ff1b4aec098c047e6879ad0569ce493756f43fad2595ff26fd,PASS_WITH_DOCUMENTED_STYLE_LIMITS
cv3_villain_034,cv3_villain_034.webp,cast_v3_sheet_24,6,1774,887,"(448, 446, 883, 885)",435,439,512,512,a5f75bbcfbd2d1e7a5a0b81df77ada87f69183a5842be1ef76bd0281b3103dfe,PASS_WITH_DOCUMENTED_STYLE_LIMITS
cv3_villain_035,cv3_villain_035.webp,cast_v3_sheet_24,7,1774,887,"(891, 446, 1326, 885)",435,439,512,512,01962529c43267490141cd43eb668ffef381fba5b2c2daa081be4975c329a491,PASS_WITH_DOCUMENTED_STYLE_LIMITS
cv3_villain_036,cv3_villain_036.webp,cast_v3_sheet_24,8,1774,887,"(1335, 446, 1772, 885)",437,439,512,512,a043ec2ccfdedaa8eb9bd6789d2cbcf8714e98d15690f70b333846d84f891523,PASS_WITH_DOCUMENTED_STYLE_LIMITS
cv3_villain_037,cv3_villain_037.webp,cast_v3_sheet_25,1,1774,887,"(2, 2, 440, 440)",438,438,512,512,63094cbb71371a2e7edcb59d1ff213a3632562cb1942e3cd06555f4499bcbeb7,PASS_WITH_DOCUMENTED_STYLE_LIMITS
cv3_villain_038,cv3_villain_038.webp,cast_v3_sheet_25,2,1774,887,"(447, 2, 884, 440)",437,438,512,512,2e4ff79f74228c717606564d4b81408d9eb59801ced3d3f58f376d81d4569bdd,PASS_WITH_DOCUMENTED_STYLE_LIMITS
cv3_villain_039,cv3_villain_039.webp,cast_v3_sheet_25,3,1774,887,"(890, 2, 1328, 440)",438,438,512,512,477789d4b501d0d64d2c92129ba7dc25ca6c6933a5dbd14648fa967f9bdff88a,PASS_WITH_DOCUMENTED_STYLE_LIMITS
cv3_villain_040,cv3_villain_040.webp,cast_v3_sheet_25,4,1774,887,"(1334, 2, 1772, 440)",438,438,512,512,68a268baeeb4cf1364cb462d7df212be0b58c41de7a68cfff851834b26537e9d,PASS_WITH_DOCUMENTED_STYLE_LIMITS
cv3_villain_041,cv3_villain_041.webp,cast_v3_sheet_25,5,1774,887,"(2, 446, 440, 885)",438,439,512,512,ff2dc15aa4410e17eb7004740d7402a489d3db89b8517104e5822f2bfd6a2423,PASS_WITH_DOCUMENTED_STYLE_LIMITS
cv3_villain_042,cv3_villain_042.webp,cast_v3_sheet_25,6,1774,887,"(447, 446, 884, 885)",437,439,512,512,7ea9de721eb1a9ddb8d7ba851bed0c9240efbc16469f4a892b0c0d5d44825beb,PASS_WITH_DOCUMENTED_STYLE_LIMITS
cv3_villain_043,cv3_villain_043.webp,cast_v3_sheet_25,7,1774,887,"(890, 446, 1328, 885)",438,439,512,512,6de906d89ad2c4464e01cb18c1664bf0b8a439dcb4918763f0d1cdc7764c16da,PASS_WITH_DOCUMENTED_STYLE_LIMITS
cv3_villain_044,cv3_villain_044.webp,cast_v3_sheet_25,8,1774,887,"(1334, 446, 1772, 885)",438,439,512,512,83c0e0802b37e276c20f2cd26b1c00fda5d403afa91c9ed69ca168447e7fcda4,PASS_WITH_DOCUMENTED_STYLE_LIMITS
cv3_villain_045,cv3_villain_045.webp,cast_v3_sheet_26,1,1774,887,"(2, 2, 439, 441)",437,439,512,512,8bc44d5e2b484a81be3c9e103928ade5a75bcdcf0d1778b24a2f09078cedd1f8,PASS_WITH_DOCUMENTED_STYLE_LIMITS
cv3_villain_046,cv3_villain_046.webp,cast_v3_sheet_26,2,1774,887,"(446, 2, 885, 441)",439,439,512,512,4145d9ab51148f6f2719a78b89674a27826c2097513057de88c1de33152c08ec,PASS_WITH_DOCUMENTED_STYLE_LIMITS
cv3_villain_047,cv3_villain_047.webp,cast_v3_sheet_26,3,1774,887,"(891, 2, 1328, 441)",437,439,512,512,a784467c0cf753b1ce227234951dce8b0105a704e41f2ddc0b431184f8e46c69,PASS_WITH_DOCUMENTED_STYLE_LIMITS
cv3_villain_048,cv3_villain_048.webp,cast_v3_sheet_26,4,1774,887,"(1334, 2, 1772, 441)",438,439,512,512,bbdd5465cef14364f602e26dd83b81a19052f3f3925a148fcc3ef9a25397b532,PASS_WITH_DOCUMENTED_STYLE_LIMITS
cv3_villain_049,cv3_villain_049.webp,cast_v3_sheet_26,5,1774,887,"(2, 446, 439, 885)",437,439,512,512,9fbfd965f48fd6d1d5b88b4f5f485ebdad5ca9668a2fb88090a05203ffb91f09,PASS_WITH_DOCUMENTED_STYLE_LIMITS
cv3_villain_050,cv3_villain_050.webp,cast_v3_sheet_26,6,1774,887,"(446, 446, 885, 885)",439,439,512,512,2bf312169f6332b71b69d987929fe0301dcff8418b86c762abbbacb29140bbea,PASS_WITH_DOCUMENTED_STYLE_LIMITS
cv3_villain_051,cv3_villain_051.webp,cast_v3_sheet_26,7,1774,887,"(891, 446, 1328, 885)",437,439,512,512,d48f81e252e1da2b87df154124039800f9337021c5bf3439f9a936d94015117d,PASS_WITH_DOCUMENTED_STYLE_LIMITS
cv3_villain_052,cv3_villain_052.webp,cast_v3_sheet_26,8,1774,887,"(1334, 446, 1772, 885)",438,439,512,512,c875cdfaac5bb86a7ae2ae62799b5f0910ea166e9eb5db276eb3e2dbdf4815bc,PASS_WITH_DOCUMENTED_STYLE_LIMITS
