id,name,role,existing_archetype,epithet,note_reason
kai,Kai Moriyama,protag,Underdog team captain,The Unbroken Relay,Specific metaphor for the existing archetype and personal conflict; no hidden-affinity label disclosed.
rei,Rei Han,protag,Test pilot on probation,Second-Chance Ignition,Specific metaphor for the existing archetype and personal conflict; no hidden-affinity label disclosed.
sora,Sora Vale,protag,Reluctant second-world champion,The Unchosen Promise,Specific metaphor for the existing archetype and personal conflict; no hidden-affinity label disclosed.
kage,Kage Mercer,protag,Missing-person investigator,Keeper of Absences,Specific metaphor for the existing archetype and personal conflict; no hidden-affinity label disclosed.
kenta,Kenta Okafor,protag,Joking dojo challenger,The Laughing Guard,Specific metaphor for the existing archetype and personal conflict; no hidden-affinity label disclosed.
ryu,Ryu Long,protag,Dragon-school exile,The Exiled Ember,Specific metaphor for the existing archetype and personal conflict; no hidden-affinity label disclosed.
jin,Jin Park,protag,Rescue vehicle ace,Last-Minute Rescue,Specific metaphor for the existing archetype and personal conflict; no hidden-affinity label disclosed.
goro,Goro Nishida,protag,Veteran sumo hopeful,The Patient Mountain,Specific metaphor for the existing archetype and personal conflict; no hidden-affinity label disclosed.
daichi,Dawit Bekele,protag,Civil engineer in a disaster zone,Bridge Through Ruin,Specific metaphor for the existing archetype and personal conflict; no hidden-affinity label disclosed.
kaito,Kaito Marlow,protag,Debt-ridden sky privateer,The Borrowed Horizon,Specific metaphor for the existing archetype and personal conflict; no hidden-affinity label disclosed.
akira,Akira Sato,protag,Neon district courier,Neon Fleetfoot,Specific metaphor for the existing archetype and personal conflict; no hidden-affinity label disclosed.
kuro,Kuro Reyes,protag,Corporate fugitive,The Unbought Name,Specific metaphor for the existing archetype and personal conflict; no hidden-affinity label disclosed.
rin,Rin Adebayo,protag,Relay runner rebuilding a team,The Comeback Spark,Specific metaphor for the existing archetype and personal conflict; no hidden-affinity label disclosed.
niko,Niko Varga,protag,Improvising robot inventor,Hands of Tomorrow,Specific metaphor for the existing archetype and personal conflict; no hidden-affinity label disclosed.
mako,Mako Te Rangi,protag,Reef defender,The Reef's Reply,Specific metaphor for the existing archetype and personal conflict; no hidden-affinity label disclosed.
zuri,Zuri Kamau,protag,Community workshop founder,The Open Forge,Specific metaphor for the existing archetype and personal conflict; no hidden-affinity label disclosed.
sakura,Sakura Fujimoto,protag,Courteous tournament swordswoman,Grace Before Steel,Specific metaphor for the existing archetype and personal conflict; no hidden-affinity label disclosed.
suzume,Suzume Inari,protag,Shrine apprentice with a temper,The Restless Shrine,Specific metaphor for the existing archetype and personal conflict; no hidden-affinity label disclosed.
yuki,Yuki Lind,protag,Winter search leader,Lantern in Snow,Specific metaphor for the existing archetype and personal conflict; no hidden-affinity label disclosed.
riko,Riko Chen,protag,Clockwork mediator,The Turning Key,Specific metaphor for the existing archetype and personal conflict; no hidden-affinity label disclosed.
momo,Momo Alvarez,protag,Explosive variety-show rookie,The Unscripted Spark,Specific metaphor for the existing archetype and personal conflict; no hidden-affinity label disclosed.
n_ryoko,Astrid Voss,protag,Salvage pilot,Treasure After Impact,Specific metaphor for the existing archetype and personal conflict; no hidden-affinity label disclosed.
n_mikoto,Mikoto Arata,protag,Apprentice with one reliable spell,The One True Spell,Specific metaphor for the existing archetype and personal conflict; no hidden-affinity label disclosed.
airi,Airi Watanabe,protag,Live-stream idol captain,The Shared Spotlight,Specific metaphor for the existing archetype and personal conflict; no hidden-affinity label disclosed.
hikari,Hikari Amano,protag,Wish-broker learning boundaries,The Wish Returned,Specific metaphor for the existing archetype and personal conflict; no hidden-affinity label disclosed.
shiro,Shiro Desai,protag,Quiet community archivist,Keeper of Footsteps,Specific metaphor for the existing archetype and personal conflict; no hidden-affinity label disclosed.
takumi,Takumi Ito,protag,Ghostwriter of unsent letters,Letters Never Sent,Specific metaphor for the existing archetype and personal conflict; no hidden-affinity label disclosed.
haru,Haru Mensah,protag,Sprinter afraid of leaving home,The Homeward Sprint,Specific metaphor for the existing archetype and personal conflict; no hidden-affinity label disclosed.
kota,Kota Soren,protag,Clan mediator,The Unbroken Table,Specific metaphor for the existing archetype and personal conflict; no hidden-affinity label disclosed.
renji,Renji Kuroda,protag,Witness who broke his silence,The Witness Speaks,Specific metaphor for the existing archetype and personal conflict; no hidden-affinity label disclosed.
jun,Jun Seo,protag,Trickster caught by his own promise,The Binding Joke,Specific metaphor for the existing archetype and personal conflict; no hidden-affinity label disclosed.
sota,Sota Rahman,protag,Programmer repairing a shared past,The Rewritten Thread,Specific metaphor for the existing archetype and personal conflict; no hidden-affinity label disclosed.
itsuki,Itsuki Mori,protag,Novelist whose characters answer back,Ink That Answers,Specific metaphor for the existing archetype and personal conflict; no hidden-affinity label disclosed.
leo,Leo Carvalho,protag,Street skater seeking a second chance,The Second Landing,Specific metaphor for the existing archetype and personal conflict; no hidden-affinity label disclosed.
n_saku,Saku Diallo,protag,Touring singer between worlds,Song Between Shores,Specific metaphor for the existing archetype and personal conflict; no hidden-affinity label disclosed.
n_chisato,Chisato Kimura,protag,Football prodigy facing a transfer,The Unsettled Goal,Specific metaphor for the existing archetype and personal conflict; no hidden-affinity label disclosed.
yui,Yui Tanaka,protag,Neighbourhood café organiser,The Welcome Cup,Specific metaphor for the existing archetype and personal conflict; no hidden-affinity label disclosed.
mio,Mio Laurent,protag,Dancer negotiating her own image,Her Own Spotlight,Specific metaphor for the existing archetype and personal conflict; no hidden-affinity label disclosed.
saki,Saki Nguyen,protag,Student newspaper editor,The Unburied Question,Specific metaphor for the existing archetype and personal conflict; no hidden-affinity label disclosed.
nana,Nana Ortiz,protag,Synth-pop songwriter,The Midnight Chorus,Specific metaphor for the existing archetype and personal conflict; no hidden-affinity label disclosed.
emi,Emi Kowalska,protag,Village witch learning to say no,The Kindly Refusal,Specific metaphor for the existing archetype and personal conflict; no hidden-affinity label disclosed.
hana,Hana Al-Salim,protag,Gardener in a divine court,Roots Above Crowns,Specific metaphor for the existing archetype and personal conflict; no hidden-affinity label disclosed.
mira,Mira Solano,protag,Singer carrying a colony's memory,The Colony's Voice,Specific metaphor for the existing archetype and personal conflict; no hidden-affinity label disclosed.
shiori,Shiori Abe,protag,Keeper of a fading forest rite,The Last Green Rite,Specific metaphor for the existing archetype and personal conflict; no hidden-affinity label disclosed.
kaede,Kaede Lund,protag,Poet returning to a fishing village,The Returning Verse,Specific metaphor for the existing archetype and personal conflict; no hidden-affinity label disclosed.
n_aoi,Aoi Narang,protag,Summoned heiress rebuilding consent,The Chosen Yes,Specific metaphor for the existing archetype and personal conflict; no hidden-affinity label disclosed.
n_reiwa,Reiwa Bell,protag,Nightclub singer with a contested past,The Unclaimed Song,Specific metaphor for the existing archetype and personal conflict; no hidden-affinity label disclosed.
ash,Ash Rowan,protag,Scout choosing between two homes,Two Horizons Calling,Specific metaphor for the existing archetype and personal conflict; no hidden-affinity label disclosed.
s_ren,Ren Kobayashi,secondary,Dependable reserve player,The Ready Number,Specific metaphor for the existing archetype and personal conflict; no hidden-affinity label disclosed.
s_okada,Masaru Okada,secondary,Retired dojo instructor,The Patient Fist,Specific metaphor for the existing archetype and personal conflict; no hidden-affinity label disclosed.
s_ichiro,Ichiro Santos,secondary,Delinquent who fixes things,The Mending Rebel,Specific metaphor for the existing archetype and personal conflict; no hidden-affinity label disclosed.
s_takeshi,Takeshi Tan,secondary,Demanding logistics coach,The Supply-Line Spine,Specific metaphor for the existing archetype and personal conflict; no hidden-affinity label disclosed.
s_daiki,Daiki Lim,secondary,Night-shift simulation expert,The Midnight Model,Specific metaphor for the existing archetype and personal conflict; no hidden-affinity label disclosed.
s_gen,Gen Zhao,secondary,Apparently idle strategist,The Idle Checkmate,Specific metaphor for the existing archetype and personal conflict; no hidden-affinity label disclosed.
s_ken,Ken Mori,secondary,Rescue exosuit operator,The Helping Frame,Specific metaphor for the existing archetype and personal conflict; no hidden-affinity label disclosed.
s_riku,Riku Haddad,secondary,Rival who becomes a sparring partner,The Worthy Foil,Specific metaphor for the existing archetype and personal conflict; no hidden-affinity label disclosed.
s_tora,Tora,secondary,Caravan protector,The Caravan Wall,Specific metaphor for the existing archetype and personal conflict; no hidden-affinity label disclosed.
s_eiji,Eiji Nakamura,secondary,Protective older brother learning trust,The Open Hand,Specific metaphor for the existing archetype and personal conflict; no hidden-affinity label disclosed.
s_boone,Boone Walker,secondary,Workshop mentor,The Hearthside Forge,Specific metaphor for the existing archetype and personal conflict; no hidden-affinity label disclosed.
tsubasa,Tsubasa Vega,secondary,Impulsive flight engineer,The Reckless Lift,Specific metaphor for the existing archetype and personal conflict; no hidden-affinity label disclosed.
s_kiki,Kiki Mensah,secondary,Accidental stunt comic,The Lucky Landing,Specific metaphor for the existing archetype and personal conflict; no hidden-affinity label disclosed.
s_akane,Akane Sato,secondary,Senior dance captain,The Measured Beat,Specific metaphor for the existing archetype and personal conflict; no hidden-affinity label disclosed.
s_chiaki,Chiaki Moon,secondary,Transfer student investigating rumours,The Rumour's End,Specific metaphor for the existing archetype and personal conflict; no hidden-affinity label disclosed.
s_momoko,Momoko Takeda,secondary,Volunteer event manager,The Unseen Organiser,Specific metaphor for the existing archetype and personal conflict; no hidden-affinity label disclosed.
s_yuna,Yuna Bautista,secondary,Cheer captain organising a comeback,The Rallying Ribbon,Specific metaphor for the existing archetype and personal conflict; no hidden-affinity label disclosed.
s_kanna,Kanna Sethi,secondary,Bodyguard who studies escape routes,The Second Exit,Specific metaphor for the existing archetype and personal conflict; no hidden-affinity label disclosed.
s_maki,Maki Sorensen,secondary,Offshore rescue ace,The Stormward Rope,Specific metaphor for the existing archetype and personal conflict; no hidden-affinity label disclosed.
s_bolt,Bola 'Bolt' Adeyemi,secondary,Last-lap rival,The Final Surge,Specific metaphor for the existing archetype and personal conflict; no hidden-affinity label disclosed.
s_ironmaid,Vera 'Valkyrie' Nygaard,secondary,Wing-suit sergeant,The Falling Standard,Specific metaphor for the existing archetype and personal conflict; no hidden-affinity label disclosed.
s_amber,Amber Qadir,secondary,Traveller with unreliable directions,The Crooked Compass,Specific metaphor for the existing archetype and personal conflict; no hidden-affinity label disclosed.
s_peko,Peko Yoshida,secondary,Festival organiser with impossible optimism,The Unfailing Festival,Specific metaphor for the existing archetype and personal conflict; no hidden-affinity label disclosed.
s_amina,Amina El-Khatib,secondary,Expedition archivist,Keeper of Tracks,Specific metaphor for the existing archetype and personal conflict; no hidden-affinity label disclosed.
s_lulu,Lucien 'Lulu' Duval,secondary,Superfan becoming a wardrobe assistant,The Backstage Heart,Specific metaphor for the existing archetype and personal conflict; no hidden-affinity label disclosed.
s_shin,Pip,secondary,Visitor learning human subtext,Between the Lines,Specific metaphor for the existing archetype and personal conflict; no hidden-affinity label disclosed.
s_sosuke,Sosuke-9,secondary,Butler negotiating autonomy,The Self-Owned Name,Specific metaphor for the existing archetype and personal conflict; no hidden-affinity label disclosed.
s_alfred,Alfred Bellamy,secondary,Household steward with boundaries,The Kindly Boundary,Specific metaphor for the existing archetype and personal conflict; no hidden-affinity label disclosed.
s_tobi,Tobi Akinwale,secondary,Rookie reporter earning trust,The Earned Byline,Specific metaphor for the existing archetype and personal conflict; no hidden-affinity label disclosed.
taro,Taro Fujita,secondary,Guild cook and patient confidant,The Listening Hearth,Specific metaphor for the existing archetype and personal conflict; no hidden-affinity label disclosed.
s_soleil,Soleil Armand,secondary,Knight adjusting to ordinary friendship,The Unarmoured Friend,Specific metaphor for the existing archetype and personal conflict; no hidden-affinity label disclosed.
s_ice,Isaak 'Ice' Novak,secondary,Goth singer hiding a generous streak,The Midnight Kindness,Specific metaphor for the existing archetype and personal conflict; no hidden-affinity label disclosed.
s_ryo,Ryo Flores,secondary,Busker attached to a departing crew,Song Before Departure,Specific metaphor for the existing archetype and personal conflict; no hidden-affinity label disclosed.
s_kazuki,Kazuki Tran,secondary,Drama-club star afraid of being ordinary,Beyond the Applause,Specific metaphor for the existing archetype and personal conflict; no hidden-affinity label disclosed.
s_pranav,Pranav Rao,secondary,Museum conservator and home cook,The Restored Fragment,Specific metaphor for the existing archetype and personal conflict; no hidden-affinity label disclosed.
fumi,Fumi Arai,secondary,Quiet storyboard artist,The Quiet Frame,Specific metaphor for the existing archetype and personal conflict; no hidden-affinity label disclosed.
s_mika,Mika Okoye,secondary,Blunt best friend learning tact,The Honest Edge,Specific metaphor for the existing archetype and personal conflict; no hidden-affinity label disclosed.
s_anna,Anna Petrov,secondary,Archivist of contradictory legends,Keeper of Contradictions,Specific metaphor for the existing archetype and personal conflict; no hidden-affinity label disclosed.
s_nozomi,Nozomi Hayashi,secondary,Childhood friend pursuing her own future,Her Own Tomorrow,Specific metaphor for the existing archetype and personal conflict; no hidden-affinity label disclosed.
s_sakurako,Sakurako Minami,secondary,Elegant rival turned rehearsal partner,The Shared Rehearsal,Specific metaphor for the existing archetype and personal conflict; no hidden-affinity label disclosed.
s_mimi,Mimi Pham,secondary,Costume designer discovering her voice,The Unmuted Stitch,Specific metaphor for the existing archetype and personal conflict; no hidden-affinity label disclosed.
s_aoi,Aoi Bennett,secondary,Weather presenter on a difficult assignment,The Weather Witness,Specific metaphor for the existing archetype and personal conflict; no hidden-affinity label disclosed.
s_megu,Megumi Mori,secondary,Class representative under pressure,The Steady Vote,Specific metaphor for the existing archetype and personal conflict; no hidden-affinity label disclosed.
s_hina,Hina Ali,secondary,Timid artist travelling with a troupe,The Travelling Sketch,Specific metaphor for the existing archetype and personal conflict; no hidden-affinity label disclosed.
s_nanami,Nanami Cho,secondary,Gossip writer questioning her trade,The Questioned Whisper,Specific metaphor for the existing archetype and personal conflict; no hidden-affinity label disclosed.
s_reina,Reina Solberg,secondary,Council clerk caught between clans,The Unsealed Accord,Specific metaphor for the existing archetype and personal conflict; no hidden-affinity label disclosed.
yuzuki,Yuzuki Amari,secondary,Guide for the homesick,The Homeward Lantern,Specific metaphor for the existing archetype and personal conflict; no hidden-affinity label disclosed.
s_linh,Linh Trần,secondary,Ship medic mediating a divided crew,The Healing Passage,Specific metaphor for the existing archetype and personal conflict; no hidden-affinity label disclosed.
p_koro,Koro,pet,Pocket navigation companion,The Pocket Bearing,Specific metaphor for the existing archetype and personal conflict; no hidden-affinity label disclosed.
p_baku,Baku,pet,Guardian of exhausted sleepers,The Dreamward Watch,Specific metaphor for the existing archetype and personal conflict; no hidden-affinity label disclosed.
p_gon,Gon,pet,Excitable expedition follower,The Eager Footprint,Specific metaphor for the existing archetype and personal conflict; no hidden-affinity label disclosed.
p_pochi,Pochi,pet,Helpful workshop puppy,The Helpful Bolt,Specific metaphor for the existing archetype and personal conflict; no hidden-affinity label disclosed.
p_toro,Toro,pet,Kettle-shaped camp nuisance,The Kettle Rascal,Specific metaphor for the existing archetype and personal conflict; no hidden-affinity label disclosed.
p_mugi,Mugi,pet,Persistent foraging cub,The Never-Empty Paw,Specific metaphor for the existing archetype and personal conflict; no hidden-affinity label disclosed.
p_hachi,Hachi,pet,Tiny formation leader,The Tiny Formation,Specific metaphor for the existing archetype and personal conflict; no hidden-affinity label disclosed.
p_kiki2,Kiki Ember,pet,Warm-blooded trail companion,The Warm Trail,Specific metaphor for the existing archetype and personal conflict; no hidden-affinity label disclosed.
p_chacha,Chacha,pet,Mischievous deck lookout,The Deckside Wink,Specific metaphor for the existing archetype and personal conflict; no hidden-affinity label disclosed.
p_drakko,Drakko,pet,Sock-hoarding hatchling,The Missing Sock,Specific metaphor for the existing archetype and personal conflict; no hidden-affinity label disclosed.
p_loader,Loader,pet,Supply-search terrier,The Supply Sniffer,Specific metaphor for the existing archetype and personal conflict; no hidden-affinity label disclosed.
s_haruto,Nyanko,pet,Streetwise harbour guide,The Harbour Whisper,Specific metaphor for the existing archetype and personal conflict; no hidden-affinity label disclosed.
p_umi,Umi,pet,Unhurried recovery companion,The Gentle Pause,Specific metaphor for the existing archetype and personal conflict; no hidden-affinity label disclosed.
p_kuro,Kuro Shade,pet,Elusive signal-follower,The Vanishing Signal,Specific metaphor for the existing archetype and personal conflict; no hidden-affinity label disclosed.
p_ruri,Ruri,pet,Resonant rehearsal companion,The Resonant Feather,Specific metaphor for the existing archetype and personal conflict; no hidden-affinity label disclosed.
p_piko,Piko,pet,Adaptive puzzle helper,The Wobbling Answer,Specific metaphor for the existing archetype and personal conflict; no hidden-affinity label disclosed.
p_fuu,Fuu,pet,Wayfinding companion,The Wandering Breeze,Specific metaphor for the existing archetype and personal conflict; no hidden-affinity label disclosed.
p_kona,Kona,pet,Timid snow-guide cub,The Snowbound Shiver,Specific metaphor for the existing archetype and personal conflict; no hidden-affinity label disclosed.
p_teto,Teto,pet,Patient timing companion,The Patient Beat,Specific metaphor for the existing archetype and personal conflict; no hidden-affinity label disclosed.
p_pomu,Pomu,pet,Overprepared orchard scout,The Prepared Paw,Specific metaphor for the existing archetype and personal conflict; no hidden-affinity label disclosed.
p_cogsworth,Cogsworth,pet,Punctual observation machine,The Minute Keeper,Specific metaphor for the existing archetype and personal conflict; no hidden-affinity label disclosed.
p_nibi,Nibi,pet,Contrary boundary keeper,The Contrary Threshold,Specific metaphor for the existing archetype and personal conflict; no hidden-affinity label disclosed.
p_nitro,Nitro,pet,Tool-stealing pit companion,The Borrowed Spanner,Specific metaphor for the existing archetype and personal conflict; no hidden-affinity label disclosed.
p_silt,Silt,pet,Patient route-finder,The Patient Path,Specific metaphor for the existing archetype and personal conflict; no hidden-affinity label disclosed.
p_mochi,Mochi,pet,Companion who chooses the quietest lap,The Quietest Lap,Specific metaphor for the existing archetype and personal conflict; no hidden-affinity label disclosed.
p_tama,Tama,pet,Homesick sky calf,The Homesick Cloud,Specific metaphor for the existing archetype and personal conflict; no hidden-affinity label disclosed.
p_chibi,Chibi,pet,Solemn social observer,The Solemn Waddle,Specific metaphor for the existing archetype and personal conflict; no hidden-affinity label disclosed.
p_maru,Maru,pet,Wakeful library companion,The Wakeful Page,Specific metaphor for the existing archetype and personal conflict; no hidden-affinity label disclosed.
p_sora,Sora Nimbus,pet,Drifting reassurance companion,The Drifting Comfort,Specific metaphor for the existing archetype and personal conflict; no hidden-affinity label disclosed.
p_nemu,Nemu,pet,Unhurried emotional anchor,The Unhurried Hug,Specific metaphor for the existing archetype and personal conflict; no hidden-affinity label disclosed.
p_mocha,Mocha,pet,Curious café companion,The Curious Saucer,Specific metaphor for the existing archetype and personal conflict; no hidden-affinity label disclosed.
p_goma,Goma,pet,Gentle doorway greeter,The Welcome Wag,Specific metaphor for the existing archetype and personal conflict; no hidden-affinity label disclosed.
p_puri,Puri,pet,Shy heat-sharing hatchling,The Shared Ember,Specific metaphor for the existing archetype and personal conflict; no hidden-affinity label disclosed.
p_ponta,Ponta,pet,Grumbling communal companion,The Grumbling Cuddle,Specific metaphor for the existing archetype and personal conflict; no hidden-affinity label disclosed.
s_koko,Koko,pet,Unreadable household oracle,The Unreadable Purr,Specific metaphor for the existing archetype and personal conflict; no hidden-affinity label disclosed.
p_brine,Brine,pet,Colour-speaking social companion,The Colourful Reply,Specific metaphor for the existing archetype and personal conflict; no hidden-affinity label disclosed.
p_pudding,Pudding,pet,Affectionate wobbling greeter,The Wobbling Welcome,Specific metaphor for the existing archetype and personal conflict; no hidden-affinity label disclosed.
p_peko,Peko Sprig,pet,Tiny companion for a first journey,The First Footstep,Specific metaphor for the existing archetype and personal conflict; no hidden-affinity label disclosed.
p_momo2,Momo Peach,pet,Tender reunion companion,The Reunion Hop,Specific metaphor for the existing archetype and personal conflict; no hidden-affinity label disclosed.
p_nya,Nya,pet,Opinionated apprentice supervisor,The Opinionated Purr,Specific metaphor for the existing archetype and personal conflict; no hidden-affinity label disclosed.
p_rin2,Rin Pearl,pet,Wish-pool companion,The Poolside Wish,Specific metaphor for the existing archetype and personal conflict; no hidden-affinity label disclosed.
p_yuzu,Yuzu,pet,Restless kitchen companion,The Restless Whisker,Specific metaphor for the existing archetype and personal conflict; no hidden-affinity label disclosed.
p_sakumi,Sakumi,pet,Seasonal reunion companion,The Returning Season,Specific metaphor for the existing archetype and personal conflict; no hidden-affinity label disclosed.
p_bloop,Bloop,pet,Responsive light companion,The Answering Glow,Specific metaphor for the existing archetype and personal conflict; no hidden-affinity label disclosed.
p_lumen,Lumen,pet,Shy witness to family promises,Witness to Promises,Specific metaphor for the existing archetype and personal conflict; no hidden-affinity label disclosed.
p_fuwa,Fuwa,pet,Mood-following flock companion,The Following Flock,Specific metaphor for the existing archetype and personal conflict; no hidden-affinity label disclosed.
p_stellar,Stellar,pet,Curious companion of exiles,The Exile's Orbit,Specific metaphor for the existing archetype and personal conflict; no hidden-affinity label disclosed.
s_chika,Chika,pet,Baker's companion learning independence,The Independent Crumb,Specific metaphor for the existing archetype and personal conflict; no hidden-affinity label disclosed.
v_kurogane,Daigo Kurogane,villain,Authoritarian mechanised commander,The Iron Mandate,Specific metaphor for the existing archetype and personal conflict; no hidden-affinity label disclosed.
v_volt,General Mateo Volt,villain,Test-fleet commander,The Fleet's Verdict,Specific metaphor for the existing archetype and personal conflict; no hidden-affinity label disclosed.
v_carnage,Darius 'Carnage' Cole,villain,Reigning tournament champion,The Unyielding Bracket,Specific metaphor for the existing archetype and personal conflict; no hidden-affinity label disclosed.
v_ash,Commander Ash Malik,villain,Hard-line evacuation officer,The Rationed Rescue,Specific metaphor for the existing archetype and personal conflict; no hidden-affinity label disclosed.
v_scuttle,Captain Scuttlebutt,villain,Rumour-trading pirate captain,The Whispering Cutlass,Specific metaphor for the existing archetype and personal conflict; no hidden-affinity label disclosed.
v_gravemark,Jarl Eirik Gravemark,villain,Clan elder defending an unequal peace,The Unequal Peace,Specific metaphor for the existing archetype and personal conflict; no hidden-affinity label disclosed.
v_onikage,Ren Onikage,villain,Dojo heir bound to a harmful oath,The Poisoned Oath,Specific metaphor for the existing archetype and personal conflict; no hidden-affinity label disclosed.
v_baron,Baron Ossian Vale,villain,Collector of heroic titles,The Stolen Laurels,Specific metaphor for the existing archetype and personal conflict; no hidden-affinity label disclosed.
v_magus,Orun Vey,villain,Gatekeeper of a summoned world,The Locked Threshold,Specific metaphor for the existing archetype and personal conflict; no hidden-affinity label disclosed.
v_blackout,Marek 'Blackout' Sanz,villain,Infrastructure monopolist,The City's Toll,Specific metaphor for the existing archetype and personal conflict; no hidden-affinity label disclosed.
sen,Sen Arakawa,villain,Scarred veteran opposing a reckless mission,The Scarred Objection,Specific metaphor for the existing archetype and personal conflict; no hidden-affinity label disclosed.
v_grandfinale,Gabriel 'Grand Finale' Moreau,villain,Theatrical culinary judge,The Final Taste,Specific metaphor for the existing archetype and personal conflict; no hidden-affinity label disclosed.
v_tempest,Tessa Tempest,villain,Champion offshore skipper,The Storm's Claim,Specific metaphor for the existing archetype and personal conflict; no hidden-affinity label disclosed.
v_reaper,Rhea 'Reaper' Quinn,villain,Relentless elimination-round champion,The Last Elimination,Specific metaphor for the existing archetype and personal conflict; no hidden-affinity label disclosed.
v_zero,Zero Venn,villain,Identity broker with no public history,The Borrowed Face,Specific metaphor for the existing archetype and personal conflict; no hidden-affinity label disclosed.
v_glitch,Director Glitch,villain,Overprotective civic administrator,The Protective Cage,Specific metaphor for the existing archetype and personal conflict; no hidden-affinity label disclosed.
v_paradox,Professor Samira Paradox,villain,Prestige-obsessed chronology researcher,The Captured Moment,Specific metaphor for the existing archetype and personal conflict; no hidden-affinity label disclosed.
v_warden,Warden Nandi Dube,villain,Camp leader rationing hope,The Rationed Dawn,Specific metaphor for the existing archetype and personal conflict; no hidden-affinity label disclosed.
v_titanus,Titanus Rex,villain,Territorial nesting creature,The Nesting Colossus,Specific metaphor for the existing archetype and personal conflict; no hidden-affinity label disclosed.
v_bioform,Bioform IX,villain,Manufactured champion seeking authorship,The Manufactured Crown,Specific metaphor for the existing archetype and personal conflict; no hidden-affinity label disclosed.
v_inquisitor,Dr Imani Sefu,villain,Unforgiving examination chair,The Unforgiving Mark,Specific metaphor for the existing archetype and personal conflict; no hidden-affinity label disclosed.
v_collector,Celeste Armand,villain,Museum patron claiming living traditions,The Living Exhibit,Specific metaphor for the existing archetype and personal conflict; no hidden-affinity label disclosed.
v_nightshade,Nadia Nightshade,villain,Botanical expedition rival,The Thorned Claim,Specific metaphor for the existing archetype and personal conflict; no hidden-affinity label disclosed.
v_amethyst,Amethyst Rook,villain,Court regent defending inherited privilege,The Inherited Throne,Specific metaphor for the existing archetype and personal conflict; no hidden-affinity label disclosed.
v_hollow,The Hollow King,villain,Lonely ruler of an empty audience,The Empty Ovation,Specific metaphor for the existing archetype and personal conflict; no hidden-affinity label disclosed.
v_mirage,Dr Farid Mirage,villain,Charismatic memory specialist,The Rewritten Memory,Specific metaphor for the existing archetype and personal conflict; no hidden-affinity label disclosed.
v_puppeteer,Adrian Vale,villain,Manipulative talent manager,The Velvet Strings,Specific metaphor for the existing archetype and personal conflict; no hidden-affinity label disclosed.
v_fang,Count Lucan Varga,villain,Courteous host unable to accept refusal,The Unending Invitation,Specific metaphor for the existing archetype and personal conflict; no hidden-affinity label disclosed.
v_lich,Basil Lich,villain,Washed-up comic guarding his slot,The Last-Laugh Ghost,Specific metaphor for the existing archetype and personal conflict; no hidden-affinity label disclosed.
v_kairos,Leon Kairos,villain,Charming technology sponsor,The Golden Dependency,Specific metaphor for the existing archetype and personal conflict; no hidden-affinity label disclosed.
v_plague,Dr Emil Green,villain,Respected clinic director suppressing failure,The Hidden Failure,Specific metaphor for the existing archetype and personal conflict; no hidden-affinity label disclosed.
v_harlequin,Harlequin Bell,villain,Improv star who always needs the last laugh,The Stolen Punchline,Specific metaphor for the existing archetype and personal conflict; no hidden-affinity label disclosed.
v_overlord,Osric Vale,villain,Summoned administrator claiming the crown,The Appointed Crown,Specific metaphor for the existing archetype and personal conflict; no hidden-affinity label disclosed.
v_falsetto,Seo Min-jae 'Falsetto',villain,Rival centre fearing replacement,The Replaceable Star,Specific metaphor for the existing archetype and personal conflict; no hidden-affinity label disclosed.
v_lovelace,Julian Lovelace,villain,Serial charmer dodging accountability,The Borrowed Heart,Specific metaphor for the existing archetype and personal conflict; no hidden-affinity label disclosed.
v_einar,Einar Dahl,villain,Prestigious restaurateur guarding a family legacy,The Guarded Recipe,Specific metaphor for the existing archetype and personal conflict; no hidden-affinity label disclosed.
v_nocturne,Nora Nocturne,villain,Intimidating gallery director,The Gilded Silence,Specific metaphor for the existing archetype and personal conflict; no hidden-affinity label disclosed.
v_venom,Valerie Venn,villain,Immaculate popular school rival,The Perfect Rival,Specific metaphor for the existing archetype and personal conflict; no hidden-affinity label disclosed.
v_obsidian,Odette Blackwell,villain,Fashion-house director guarding her image,The Immaculate Mask,Specific metaphor for the existing archetype and personal conflict; no hidden-affinity label disclosed.
v_sinister,Sister Celia Senn,villain,Overbearing school administrator,The Locked Corridor,Specific metaphor for the existing archetype and personal conflict; no hidden-affinity label disclosed.
v_hex,Hester Hex,villain,Tutor who rations approval,The Rationed Praise,Specific metaphor for the existing archetype and personal conflict; no hidden-affinity label disclosed.
v_silence,The Silence,villain,Unacknowledged witness,The Unheard Witness,Specific metaphor for the existing archetype and personal conflict; no hidden-affinity label disclosed.
v_frostbite,Freya Frost,villain,Reigning ice-dance champion,The Frozen Ovation,Specific metaphor for the existing archetype and personal conflict; no hidden-affinity label disclosed.
v_dread,Dorothea Reed,villain,Exacting residential manager,The Perfect Address,Specific metaphor for the existing archetype and personal conflict; no hidden-affinity label disclosed.
v_moth,Mother Moth,villain,Comfort that will not let go,The Smothering Comfort,Specific metaphor for the existing archetype and personal conflict; no hidden-affinity label disclosed.
v_hollowchild,The Pale Empress,villain,Sovereign afraid of being irrelevant,The Fading Sovereign,Specific metaphor for the existing archetype and personal conflict; no hidden-affinity label disclosed.
v_rosethorn,Rosalie Thorn,villain,Beautiful club president protecting rank,The Thorned Rank,Specific metaphor for the existing archetype and personal conflict; no hidden-affinity label disclosed.
aya,Aya Hanamori,villain,Courteous romantic rival with sharp boundaries,The Courteous Edge,Specific metaphor for the existing archetype and personal conflict; no hidden-affinity label disclosed.
cv3_lead_001,Hajime Suda,protag,misrule performer caught in a cooking conflict,The Laughing Banquet,Combines visible-affinity imagery into a distinct player-facing epithet; hidden affinity excluded.
cv3_lead_002,Nao Suda,protag,culinary challenger caught in a space conflict,Supper Among Stars,Combines visible-affinity imagery into a distinct player-facing epithet; hidden affinity excluded.
cv3_lead_003,Isamu Kishi,protag,covert operative refusing a disposable mission caught in a comedy conflict,The Vanishing Punchline,Combines visible-affinity imagery into a distinct player-facing epithet; hidden affinity excluded.
cv3_lead_004,Chiyo Kishi,protag,test-rig pilot caught in a comedy conflict,Laughing Steel,Combines visible-affinity imagery into a distinct player-facing epithet; hidden affinity excluded.
cv3_lead_005,Renzo Naruse,protag,officer protecting a divided unit caught in a mystery conflict,Witness Under Fire,Combines visible-affinity imagery into a distinct player-facing epithet; hidden affinity excluded.
cv3_lead_006,Ayame Naruse,protag,neighbour holding a community together caught in a comedy conflict,Small Everyday Wonders,Combines visible-affinity imagery into a distinct player-facing epithet; hidden affinity excluded.
cv3_lead_007,Toma Teshima,protag,ronin questioning a sworn duty caught in a comedy conflict,The Grinning Ronin,Combines visible-affinity imagery into a distinct player-facing epithet; hidden affinity excluded.
cv3_lead_008,Eri Teshima,protag,network whistleblower caught in a supernatural conflict,Neon Afterlife,Combines visible-affinity imagery into a distinct player-facing epithet; hidden affinity excluded.
cv3_lead_009,Naoki Hoshino,protag,performer reclaiming the stage caught in a cooking conflict,The Midnight Menu,Combines visible-affinity imagery into a distinct player-facing epithet; hidden affinity excluded.
cv3_lead_010,Fumika Hoshino,protag,covert operative refusing a disposable mission caught in a cooking conflict,Feast Without Footprints,Combines visible-affinity imagery into a distinct player-facing epithet; hidden affinity excluded.
cv3_lead_011,Akio Arata,protag,ronin questioning a sworn duty caught in a cooking conflict,Rice Before Honour,Combines visible-affinity imagery into a distinct player-facing epithet; hidden affinity excluded.
cv3_lead_012,Hotaru Arata,protag,guarded heart learning reciprocity caught in a cooking conflict,A Table for Two,Combines visible-affinity imagery into a distinct player-facing epithet; hidden affinity excluded.
cv3_lead_013,Keisuke Mizuno,protag,network whistleblower caught in a fantasy conflict,The Circuitbound Promise,Combines visible-affinity imagery into a distinct player-facing epithet; hidden affinity excluded.
cv3_lead_014,Izumi Mizuno,protag,outsider rewriting the quest caught in a survival conflict,Shelter Beyond Worlds,Combines visible-affinity imagery into a distinct player-facing epithet; hidden affinity excluded.
cv3_lead_015,Makoto Sakuma,protag,ronin questioning a sworn duty caught in a cyber conflict,Blade Through Static,Combines visible-affinity imagery into a distinct player-facing epithet; hidden affinity excluded.
cv3_lead_016,Junko Sakuma,protag,covert operative refusing a disposable mission caught in a cyber conflict,The Untraceable Signal,Combines visible-affinity imagery into a distinct player-facing epithet; hidden affinity excluded.
cv3_lead_017,Ritsu Ueda,protag,performer reclaiming the stage caught in a supernatural conflict,Song Beyond Death,Combines visible-affinity imagery into a distinct player-facing epithet; hidden affinity excluded.
cv3_lead_018,Koharu Ueda,protag,neighbour holding a community together caught in a fantasy conflict,The Everyday Enchantment,Combines visible-affinity imagery into a distinct player-facing epithet; hidden affinity excluded.
cv3_lead_019,Shun Fujise,protag,ronin questioning a sworn duty caught in a fantasy conflict,The Oathless Blade,Combines visible-affinity imagery into a distinct player-facing epithet; hidden affinity excluded.
cv3_lead_020,Mai Fujise,protag,covert operative refusing a disposable mission caught in a fantasy conflict,The Unseen Spell,Combines visible-affinity imagery into a distinct player-facing epithet; hidden affinity excluded.
cv3_lead_021,Taichi Natori,protag,covert operative refusing a disposable mission caught in a horror conflict,Footsteps After Midnight,Combines visible-affinity imagery into a distinct player-facing epithet; hidden affinity excluded.
cv3_lead_022,Natsuki Natori,protag,ronin questioning a sworn duty caught in a horror conflict,Duel with Dread,Combines visible-affinity imagery into a distinct player-facing epithet; hidden affinity excluded.
cv3_lead_023,Yuto Asano,protag,transformation guardian caught in a supernatural conflict,The Starlit Haunting,Combines visible-affinity imagery into a distinct player-facing epithet; hidden affinity excluded.
cv3_lead_024,Rena Asano,protag,officer protecting a divided unit caught in a horror conflict,Courage After Dark,Combines visible-affinity imagery into a distinct player-facing epithet; hidden affinity excluded.
cv3_lead_025,Kazuma Komori,protag,survivor confronting the source caught in a mythology conflict,The Unburied Legend,Combines visible-affinity imagery into a distinct player-facing epithet; hidden affinity excluded.
cv3_lead_026,Sayuri Komori,protag,neighbour holding a community together caught in a space conflict,Tea Beneath Saturn,Combines visible-affinity imagery into a distinct player-facing epithet; hidden affinity excluded.
cv3_lead_027,Masato Takase,protag,ronin questioning a sworn duty caught in a idol conflict,The Singing Retainer,Combines visible-affinity imagery into a distinct player-facing epithet; hidden affinity excluded.
cv3_lead_028,Tomoe Takase,protag,covert operative refusing a disposable mission caught in a idol conflict,Encore in Shadow,Combines visible-affinity imagery into a distinct player-facing epithet; hidden affinity excluded.
cv3_lead_029,Noboru Sugita,protag,test-rig pilot caught in a samurai conflict,Steel Against Steel,Combines visible-affinity imagery into a distinct player-facing epithet; hidden affinity excluded.
cv3_lead_030,Wakana Sugita,protag,contender rebuilding a team caught in a isekai conflict,The Impossible Starting Line,Combines visible-affinity imagery into a distinct player-facing epithet; hidden affinity excluded.
cv3_lead_031,Osamu Matsuba,protag,outsider rewriting the quest caught in a slice conflict,Sunday Beyond Worlds,Combines visible-affinity imagery into a distinct player-facing epithet; hidden affinity excluded.
cv3_lead_032,Yae Matsuba,protag,orbital rescue pathfinder caught in a supernatural conflict,Ghosts Among Stars,Combines visible-affinity imagery into a distinct player-facing epithet; hidden affinity excluded.
cv3_lead_033,Haruki Mizuhara,protag,pathfinder refusing to abandon anyone caught in a magical conflict,The Last Bright Wish,Combines visible-affinity imagery into a distinct player-facing epithet; hidden affinity excluded.
cv3_lead_034,Abena Mensah,protag,transformation guardian caught in a nordic conflict,Aurora Heartfire,Combines visible-affinity imagery into a distinct player-facing epithet; hidden affinity excluded.
cv3_lead_035,Cian Byrne,protag,ronin questioning a sworn duty caught in a martial conflict,The Open-Handed Duel,Combines visible-affinity imagery into a distinct player-facing epithet; hidden affinity excluded.
cv3_lead_036,Leela Rao,protag,covert operative refusing a disposable mission caught in a martial conflict,The Hidden Fist,Combines visible-affinity imagery into a distinct player-facing epithet; hidden affinity excluded.
cv3_lead_037,Minjun Seo,protag,test-rig pilot caught in a shinobi conflict,Ghost in Armour,Combines visible-affinity imagery into a distinct player-facing epithet; hidden affinity excluded.
cv3_lead_038,Adaeze Okoye,protag,test-rig pilot caught in a pirate conflict,The Iron Corsair,Combines visible-affinity imagery into a distinct player-facing epithet; hidden affinity excluded.
cv3_lead_039,Elias Lind,protag,northern community defender caught in a military conflict,The Northward Banner,Combines visible-affinity imagery into a distinct player-facing epithet; hidden affinity excluded.
cv3_lead_040,Lucia Vega,protag,covert operative refusing a disposable mission caught in a military conflict,The Unseen Vanguard,Combines visible-affinity imagery into a distinct player-facing epithet; hidden affinity excluded.
cv3_lead_041,Jian Zhou,protag,ronin questioning a sworn duty caught in a military conflict,The Reluctant Standard,Combines visible-affinity imagery into a distinct player-facing epithet; hidden affinity excluded.
cv3_lead_042,Simone Campbell,protag,pathfinder refusing to abandon anyone caught in a mystery conflict,The Last Witness,Combines visible-affinity imagery into a distinct player-facing epithet; hidden affinity excluded.
cv3_lead_043,Nadim Haddad,protag,northern community defender caught in a pirate conflict,The Frostwake Captain,Combines visible-affinity imagery into a distinct player-facing epithet; hidden affinity excluded.
cv3_lead_044,Zofia Nowak,protag,covert operative refusing a disposable mission caught in a nordic conflict,Footprints Under Snow,Combines visible-affinity imagery into a distinct player-facing epithet; hidden affinity excluded.
cv3_lead_045,Aamir Malik,protag,ronin questioning a sworn duty caught in a shinobi conflict,Two Oaths Divided,Combines visible-affinity imagery into a distinct player-facing epithet; hidden affinity excluded.
cv3_lead_046,Amihan Reyes,protag,ronin questioning a sworn duty caught in a sports conflict,The Swiftest Blade,Combines visible-affinity imagery into a distinct player-facing epithet; hidden affinity excluded.
cv3_lead_047,Kamau Mwangi,protag,ronin questioning a sworn duty caught in a shinobi conflict,The Unclaimed Clan,Combines visible-affinity imagery into a distinct player-facing epithet; hidden affinity excluded.
cv3_lead_048,Aminata Diop,protag,test-rig pilot caught in a samurai conflict,The Unbending Edge,Combines visible-affinity imagery into a distinct player-facing epithet; hidden affinity excluded.
cv3_lead_049,Kwame Owusu,protag,ronin questioning a sworn duty caught in a romance conflict,The Heartbound Duel,Combines visible-affinity imagery into a distinct player-facing epithet; hidden affinity excluded.
cv3_lead_050,Orla Doyle,protag,covert operative refusing a disposable mission caught in a cooking conflict,The Unseen Supper,Combines visible-affinity imagery into a distinct player-facing epithet; hidden affinity excluded.
cv3_lead_051,Arjun Iyer,protag,ronin questioning a sworn duty caught in a nordic conflict,Ronin of Winter,Combines visible-affinity imagery into a distinct player-facing epithet; hidden affinity excluded.
cv3_lead_052,Sumin Han,protag,covert operative refusing a disposable mission caught in a idol conflict,The Stolen Spotlight,Combines visible-affinity imagery into a distinct player-facing epithet; hidden affinity excluded.
cv3_sidekick_001,Emeka Obi,secondary,comic foil caught in a cooking conflict,The Second Helping,Combines visible-affinity imagery into a distinct player-facing epithet; hidden affinity excluded.
cv3_sidekick_002,Linnea Berg,secondary,streetwise systems fixer caught in a isekai conflict,Guide Through Static,Combines visible-affinity imagery into a distinct player-facing epithet; hidden affinity excluded.
cv3_sidekick_003,Mateo Torres,secondary,field logistics partner caught in a comedy conflict,The Barracks Grin,Combines visible-affinity imagery into a distinct player-facing epithet; hidden affinity excluded.
cv3_sidekick_004,Lian Lin,secondary,comic foil caught in a nordic conflict,The Laughing Longship,Combines visible-affinity imagery into a distinct player-facing epithet; hidden affinity excluded.
cv3_sidekick_005,Andre Morgan,secondary,infiltration scout with a contingency caught in a comedy conflict,The Decoy's Wink,Combines visible-affinity imagery into a distinct player-facing epithet; hidden affinity excluded.
cv3_sidekick_006,Rania Nasser,secondary,retainer choosing whom to protect caught in a comedy conflict,The Retainer's Jest,Combines visible-affinity imagery into a distinct player-facing epithet; hidden affinity excluded.
cv3_sidekick_007,Lukasz Kowalski,secondary,resourceful kitchen confidant caught in a horror conflict,The Candlelit Kitchen,Combines visible-affinity imagery into a distinct player-facing epithet; hidden affinity excluded.
cv3_sidekick_008,Sana Khan,secondary,infiltration scout with a contingency caught in a cooking conflict,The Quiet Provision,Combines visible-affinity imagery into a distinct player-facing epithet; hidden affinity excluded.
cv3_sidekick_009,Paolo Santos,secondary,confidant choosing their own future caught in a cooking conflict,The Shared Recipe,Combines visible-affinity imagery into a distinct player-facing epithet; hidden affinity excluded.
cv3_sidekick_010,Wanjiku Njoroge,secondary,resourceful kitchen confidant caught in a martial conflict,The Iron Ladle,Combines visible-affinity imagery into a distinct player-facing epithet; hidden affinity excluded.
cv3_sidekick_011,Malik Sarr,secondary,observant evidence partner caught in a survival conflict,Clues Through Winter,Combines visible-affinity imagery into a distinct player-facing epithet; hidden affinity excluded.
cv3_sidekick_012,Misaki Fujimori,secondary,retainer choosing whom to protect caught in a cooking conflict,The Ronin's Rice,Combines visible-affinity imagery into a distinct player-facing epithet; hidden affinity excluded.
cv3_sidekick_013,Cian E. Byrne,secondary,streetwise systems fixer caught in a fantasy conflict,The Spellwired Compass,Combines visible-affinity imagery into a distinct player-facing epithet; hidden affinity excluded.
cv3_sidekick_014,Leela E. Rao,secondary,sceptical night companion caught in a mythology conflict,The Old God's Witness,Combines visible-affinity imagery into a distinct player-facing epithet; hidden affinity excluded.
cv3_sidekick_015,Minjun E. Seo,secondary,infiltration scout with a contingency caught in a cyber conflict,The Masked Relay,Combines visible-affinity imagery into a distinct player-facing epithet; hidden affinity excluded.
cv3_sidekick_016,Adaeze E. Okoye,secondary,streetwise systems fixer caught in a nordic conflict,The Northern Circuit,Combines visible-affinity imagery into a distinct player-facing epithet; hidden affinity excluded.
cv3_sidekick_017,Elias E. Lind,secondary,deckhand with an independent plan caught in a space conflict,Navigator Beyond Neptune,Combines visible-affinity imagery into a distinct player-facing epithet; hidden affinity excluded.
cv3_sidekick_018,Lucia E. Vega,secondary,retainer choosing whom to protect caught in a cyber conflict,The Wired Scabbard,Combines visible-affinity imagery into a distinct player-facing epithet; hidden affinity excluded.
cv3_sidekick_019,Jian E. Zhou,secondary,streetwise systems fixer caught in a supernatural conflict,The Haunted Terminal,Combines visible-affinity imagery into a distinct player-facing epithet; hidden affinity excluded.
cv3_sidekick_020,Simone E. Campbell,secondary,sceptical night companion caught in a magical conflict,The Ward Against Dread,Combines visible-affinity imagery into a distinct player-facing epithet; hidden affinity excluded.
cv3_sidekick_021,Nadim E. Haddad,secondary,retainer choosing whom to protect caught in a fantasy conflict,The Enchanted Scabbard,Combines visible-affinity imagery into a distinct player-facing epithet; hidden affinity excluded.
cv3_sidekick_022,Zofia E. Nowak,secondary,infiltration scout with a contingency caught in a fantasy conflict,The Unseen Ward,Combines visible-affinity imagery into a distinct player-facing epithet; hidden affinity excluded.
cv3_sidekick_023,Aamir E. Malik,secondary,keeper of conflicting oral histories caught in a space conflict,Atlas of Fallen Gods,Combines visible-affinity imagery into a distinct player-facing epithet; hidden affinity excluded.
cv3_sidekick_024,Amihan E. Reyes,secondary,station technician who stays behind caught in a horror conflict,The Deep-Space Watch,Combines visible-affinity imagery into a distinct player-facing epithet; hidden affinity excluded.
cv3_sidekick_025,Kamau E. Mwangi,secondary,infiltration scout with a contingency caught in a horror conflict,The Midnight Decoy,Combines visible-affinity imagery into a distinct player-facing epithet; hidden affinity excluded.
cv3_sidekick_026,Aminata E. Diop,secondary,resourceful coastal companion caught in a pirate conflict,The Icebound First Mate,Combines visible-affinity imagery into a distinct player-facing epithet; hidden affinity excluded.
cv3_sidekick_027,Haruki E. Mizuhara,secondary,retainer choosing whom to protect caught in a horror conflict,The Lantern Retainer,Combines visible-affinity imagery into a distinct player-facing epithet; hidden affinity excluded.
cv3_sidekick_028,Abena E. Mensah,secondary,backstage harmony partner caught in a isekai conflict,The Otherworldly Chorus,Combines visible-affinity imagery into a distinct player-facing epithet; hidden affinity excluded.
cv3_sidekick_029,Arjun F. Iyer,secondary,rescue-rig engineer caught in a samurai conflict,The Armourer's Promise,Combines visible-affinity imagery into a distinct player-facing epithet; hidden affinity excluded.
cv3_sidekick_030,Sumin F. Han,secondary,station technician who stays behind caught in a idol conflict,The Satellite Harmony,Combines visible-affinity imagery into a distinct player-facing epithet; hidden affinity excluded.
cv3_sidekick_031,Emeka F. Obi,secondary,infiltration scout with a contingency caught in a isekai conflict,Guide Behind the Mask,Combines visible-affinity imagery into a distinct player-facing epithet; hidden affinity excluded.
cv3_sidekick_032,Linnea F. Berg,secondary,retainer choosing whom to protect caught in a isekai conflict,The Otherworld Retainer,Combines visible-affinity imagery into a distinct player-facing epithet; hidden affinity excluded.
cv3_sidekick_033,Mateo F. Torres,secondary,resourceful route scout caught in a isekai conflict,The Stranger's Shelter,Combines visible-affinity imagery into a distinct player-facing epithet; hidden affinity excluded.
cv3_sidekick_034,Lian F. Lin,secondary,local guide to an unfamiliar world caught in a nordic conflict,The Farshore Guide,Combines visible-affinity imagery into a distinct player-facing epithet; hidden affinity excluded.
cv3_sidekick_035,Andre F. Morgan,secondary,patient sparring partner caught in a supernatural conflict,The Spirit Sparring Partner,Combines visible-affinity imagery into a distinct player-facing epithet; hidden affinity excluded.
cv3_sidekick_036,Rania F. Nasser,secondary,reliable friend with an unfinished dream caught in a magical conflict,The Everyday Miracle,Combines visible-affinity imagery into a distinct player-facing epithet; hidden affinity excluded.
cv3_sidekick_037,Lukasz F. Kowalski,secondary,retainer choosing whom to protect caught in a magical conflict,The Wishing Scabbard,Combines visible-affinity imagery into a distinct player-facing epithet; hidden affinity excluded.
cv3_sidekick_038,Sana F. Khan,secondary,rescue-rig engineer caught in a martial conflict,The Iron Sparring Partner,Combines visible-affinity imagery into a distinct player-facing epithet; hidden affinity excluded.
cv3_sidekick_039,Paolo F. Santos,secondary,rescue-rig engineer caught in a pirate conflict,The Corsair's Mechanic,Combines visible-affinity imagery into a distinct player-facing epithet; hidden affinity excluded.
cv3_sidekick_040,Wanjiku F. Njoroge,secondary,rescue-rig engineer caught in a shinobi conflict,The Covert Mechanic,Combines visible-affinity imagery into a distinct player-facing epithet; hidden affinity excluded.
cv3_sidekick_041,Malik F. Sarr,secondary,station technician who stays behind caught in a supernatural conflict,The Ghost Navigator,Combines visible-affinity imagery into a distinct player-facing epithet; hidden affinity excluded.
cv3_sidekick_042,Misaki F. Fujimori,secondary,retainer choosing whom to protect caught in a mystery conflict,Clues in the Scabbard,Combines visible-affinity imagery into a distinct player-facing epithet; hidden affinity excluded.
cv3_sidekick_043,Kwame F. Owusu,secondary,infiltration scout with a contingency caught in a mythology conflict,The Mythbound Messenger,Combines visible-affinity imagery into a distinct player-facing epithet; hidden affinity excluded.
cv3_sidekick_044,Orla F. Doyle,secondary,retainer choosing whom to protect caught in a mythology conflict,The Shrine's Retainer,Combines visible-affinity imagery into a distinct player-facing epithet; hidden affinity excluded.
cv3_sidekick_045,Minjun G. Seo,secondary,boundary guide for the living caught in a mythology conflict,The Ancestral Witness,Combines visible-affinity imagery into a distinct player-facing epithet; hidden affinity excluded.
cv3_sidekick_046,Adaeze G. Okoye,secondary,retainer choosing whom to protect caught in a shinobi conflict,The Divided Messenger,Combines visible-affinity imagery into a distinct player-facing epithet; hidden affinity excluded.
cv3_sidekick_047,Elias G. Lind,secondary,infiltration scout with a contingency caught in a slice conflict,The Neighbour's Secret,Combines visible-affinity imagery into a distinct player-facing epithet; hidden affinity excluded.
cv3_sidekick_048,Lucia G. Vega,secondary,infiltration scout with a contingency caught in a space conflict,The Orbital Infiltrator,Combines visible-affinity imagery into a distinct player-facing epithet; hidden affinity excluded.
cv3_sidekick_049,Jian G. Zhou,secondary,retainer choosing whom to protect caught in a shinobi conflict,The Oath's Blind Spot,Combines visible-affinity imagery into a distinct player-facing epithet; hidden affinity excluded.
cv3_sidekick_050,Simone G. Campbell,secondary,rescue-rig engineer caught in a samurai conflict,The Duelist's Circuit,Combines visible-affinity imagery into a distinct player-facing epithet; hidden affinity excluded.
cv3_sidekick_051,Nadim G. Haddad,secondary,retainer choosing whom to protect caught in a romance conflict,The Heart's Retainer,Combines visible-affinity imagery into a distinct player-facing epithet; hidden affinity excluded.
cv3_sidekick_052,Zofia G. Nowak,secondary,infiltration scout with a contingency caught in a cooking conflict,The Last Quiet Serving,Combines visible-affinity imagery into a distinct player-facing epithet; hidden affinity excluded.
cv3_mascot_001,Bramble,pet,red panda companion connecting comedy and cyber,The Glitching Grin,Combines visible-affinity imagery into a distinct player-facing epithet; hidden affinity excluded.
cv3_mascot_002,Pipkin,pet,fennec fox companion connecting shinobi and comedy,The Vanishing Giggle,Combines visible-affinity imagery into a distinct player-facing epithet; hidden affinity excluded.
cv3_mascot_003,Saffy,pet,round bat companion connecting isekai and comedy,The Otherworld Rascal,Combines visible-affinity imagery into a distinct player-facing epithet; hidden affinity excluded.
cv3_mascot_004,Tumble,pet,tanuki companion connecting samurai and comedy,The Ronin's Raccoon,Combines visible-affinity imagery into a distinct player-facing epithet; hidden affinity excluded.
cv3_mascot_005,Fennel,pet,dormouse companion connecting magical and romance,The Pocket Love Spell,Combines visible-affinity imagery into a distinct player-facing epithet; hidden affinity excluded.
cv3_mascot_006,Quibble,pet,meerkat companion connecting survival and comedy,The Scrappy Smile,Combines visible-affinity imagery into a distinct player-facing epithet; hidden affinity excluded.
cv3_mascot_007,Clove,pet,ferret companion connecting cooking and horror,The Haunted Ladle,Combines visible-affinity imagery into a distinct player-facing epithet; hidden affinity excluded.
cv3_mascot_008,Miso,pet,shiba puppy companion connecting samurai and shinobi,Whiskers Between Clans,Combines visible-affinity imagery into a distinct player-facing epithet; hidden affinity excluded.
cv3_mascot_009,Pebble,pet,hedgehog companion connecting survival and cooking,The Foraging Flame,Combines visible-affinity imagery into a distinct player-facing epithet; hidden affinity excluded.
cv3_mascot_010,Patch,pet,gecko companion connecting cyber and fantasy,The Enchanted Gecko,Combines visible-affinity imagery into a distinct player-facing epithet; hidden affinity excluded.
cv3_mascot_011,Rook,pet,crow companion connecting samurai and cyber,The Wired Wing,Combines visible-affinity imagery into a distinct player-facing epithet; hidden affinity excluded.
cv3_mascot_012,Ticker,pet,stoat companion connecting survival and cyber,The Salvage Whisker,Combines visible-affinity imagery into a distinct player-facing epithet; hidden affinity excluded.
cv3_mascot_013,Mallow,pet,house sparrow companion connecting shinobi and cyber,The Silent Quill,Combines visible-affinity imagery into a distinct player-facing epithet; hidden affinity excluded.
cv3_mascot_014,Sprig,pet,moss hare companion connecting mythology and slice,The Hearthside Myth,Combines visible-affinity imagery into a distinct player-facing epithet; hidden affinity excluded.
cv3_mascot_015,Flotsam,pet,sea otter companion connecting supernatural and fantasy,The Pocket Poltergeist,Combines visible-affinity imagery into a distinct player-facing epithet; hidden affinity excluded.
cv3_mascot_016,Kuzu,pet,fox cub companion connecting samurai and fantasy,The Foxbound Fable,Combines visible-affinity imagery into a distinct player-facing epithet; hidden affinity excluded.
cv3_mascot_017,Cinder,pet,robotic beetle companion connecting mecha and horror,The Iron Nightlight,Combines visible-affinity imagery into a distinct player-facing epithet; hidden affinity excluded.
cv3_mascot_018,Brisk,pet,terrier companion connecting pirate and horror,The Deckside Dread,Combines visible-affinity imagery into a distinct player-facing epithet; hidden affinity excluded.
cv3_mascot_019,Whisker,pet,barn owl companion connecting shinobi and horror,The Midnight Feather,Combines visible-affinity imagery into a distinct player-facing epithet; hidden affinity excluded.
cv3_mascot_020,Skipper,pet,raccoon companion connecting pirate and sports,The Fleetfoot Stowaway,Combines visible-affinity imagery into a distinct player-facing epithet; hidden affinity excluded.
cv3_mascot_021,Trill,pet,cockatiel companion connecting pirate and idol,The Shanty Whistle,Combines visible-affinity imagery into a distinct player-facing epithet; hidden affinity excluded.
cv3_mascot_022,Tempo,pet,robotic rabbit companion connecting mecha and idol,The Chrome Chorus,Combines visible-affinity imagery into a distinct player-facing epithet; hidden affinity excluded.
cv3_mascot_023,Finch,pet,goldfinch companion connecting mythology and slice,The Everyday Oracle,Combines visible-affinity imagery into a distinct player-facing epithet; hidden affinity excluded.
cv3_mascot_024,Lilt,pet,arctic fox companion connecting romance and idol,The Serenading Purr,Combines visible-affinity imagery into a distinct player-facing epithet; hidden affinity excluded.
cv3_mascot_025,Dapple,pet,calico kitten companion connecting samurai and idol,The Retainer's Ribbon,Combines visible-affinity imagery into a distinct player-facing epithet; hidden affinity excluded.
cv3_mascot_026,Comet,pet,sugar glider companion connecting shinobi and idol,The Backstage Glider,Combines visible-affinity imagery into a distinct player-facing epithet; hidden affinity excluded.
cv3_mascot_027,Glimmer,pet,robotic moth companion connecting mecha and isekai,The Otherworld Circuit,Combines visible-affinity imagery into a distinct player-facing epithet; hidden affinity excluded.
cv3_mascot_028,Acorn,pet,chipmunk companion connecting isekai and military,The Stranger's Standard,Combines visible-affinity imagery into a distinct player-facing epithet; hidden affinity excluded.
cv3_mascot_029,Button,pet,guinea pig companion connecting mystery and slice,The Teatime Detective,Combines visible-affinity imagery into a distinct player-facing epithet; hidden affinity excluded.
cv3_mascot_030,Flicker,pet,hare companion connecting shinobi and isekai,The Threshold Hopper,Combines visible-affinity imagery into a distinct player-facing epithet; hidden affinity excluded.
cv3_mascot_031,Quasar,pet,puffin companion connecting isekai and space,The Starward Waddle,Combines visible-affinity imagery into a distinct player-facing epithet; hidden affinity excluded.
cv3_mascot_032,Ribbon,pet,ribbon-tailed squirrel companion connecting martial and sports,The Tiny Contender,Combines visible-affinity imagery into a distinct player-facing epithet; hidden affinity excluded.
cv3_mascot_033,Wisp,pet,little owl companion connecting samurai and magical,The Wishing Wing,Combines visible-affinity imagery into a distinct player-facing epithet; hidden affinity excluded.
cv3_mascot_034,Juniper,pet,ermine companion connecting shinobi and magical,The Secret Spark,Combines visible-affinity imagery into a distinct player-facing epithet; hidden affinity excluded.
cv3_mascot_035,Flint,pet,mongoose companion connecting shinobi and martial,The Silent Sparring Paw,Combines visible-affinity imagery into a distinct player-facing epithet; hidden affinity excluded.
cv3_mascot_036,Orbit,pet,jerboa companion connecting space and martial,The Zero-Gravity Hop,Combines visible-affinity imagery into a distinct player-facing epithet; hidden affinity excluded.
cv3_mascot_037,Reed,pet,field mouse companion connecting samurai and martial,The Dojo Mouse,Combines visible-affinity imagery into a distinct player-facing epithet; hidden affinity excluded.
cv3_mascot_038,Rivet,pet,robotic seal companion connecting mecha and military,The Steel Scout,Combines visible-affinity imagery into a distinct player-facing epithet; hidden affinity excluded.
cv3_mascot_039,Peony,pet,robotic dove companion connecting mecha and samurai,The Armoured Feather,Combines visible-affinity imagery into a distinct player-facing epithet; hidden affinity excluded.
cv3_mascot_040,Gauge,pet,robotic pangolin companion connecting mecha and shinobi,The Covert Coil,Combines visible-affinity imagery into a distinct player-facing epithet; hidden affinity excluded.
cv3_mascot_041,Cairn,pet,snow bunting companion connecting mystery and nordic,The Snowbound Clue,Combines visible-affinity imagery into a distinct player-facing epithet; hidden affinity excluded.
cv3_mascot_042,Fable,pet,tortoise companion connecting samurai and military,The Clan's Shell,Combines visible-affinity imagery into a distinct player-facing epithet; hidden affinity excluded.
cv3_mascot_043,Aureole,pet,flying fish companion connecting mythology and romance,The Heart's Myth,Combines visible-affinity imagery into a distinct player-facing epithet; hidden affinity excluded.
cv3_mascot_044,Thistle,pet,ibex kid companion connecting samurai and mythology,The Horned Retainer,Combines visible-affinity imagery into a distinct player-facing epithet; hidden affinity excluded.
cv3_mascot_045,Shimmer,pet,nightjar companion connecting shinobi and mythology,The Legendary Nightwatch,Combines visible-affinity imagery into a distinct player-facing epithet; hidden affinity excluded.
cv3_mascot_046,Skerry,pet,harbour seal companion connecting samurai and nordic,The Frostbound Flipper,Combines visible-affinity imagery into a distinct player-facing epithet; hidden affinity excluded.
cv3_mascot_047,Hearth,pet,woolly lamb companion connecting slice and supernatural,The Hearthside Haunting,Combines visible-affinity imagery into a distinct player-facing epithet; hidden affinity excluded.
cv3_mascot_048,Coral,pet,kingfisher companion connecting shinobi and pirate,The Covert Kingfisher,Combines visible-affinity imagery into a distinct player-facing epithet; hidden affinity excluded.
cv3_mascot_049,Nettle,pet,badger cub companion connecting samurai and shinobi,The Clanless Paw,Combines visible-affinity imagery into a distinct player-facing epithet; hidden affinity excluded.
cv3_mascot_050,Sable,pet,robotic sand cat companion connecting mecha and samurai,The Chrome Familiar,Combines visible-affinity imagery into a distinct player-facing epithet; hidden affinity excluded.
cv3_mascot_051,Puddle,pet,duckling companion connecting samurai and romance,The Plum-Blossom Promise,Combines visible-affinity imagery into a distinct player-facing epithet; hidden affinity excluded.
cv3_mascot_052,Solstice,pet,marten companion connecting shinobi and cooking,The Quiet Kitchen Paw,Combines visible-affinity imagery into a distinct player-facing epithet; hidden affinity excluded.
cv3_villain_001,Arjun J. Iyer,villain,clan magistrate enforcing an unjust oath caught in a comedy conflict,The Mocking Magistrate,Combines visible-affinity imagery into a distinct player-facing epithet; hidden affinity excluded.
cv3_villain_002,Sumin J. Han,villain,guardian who hoards transformation power caught in a slice conflict,The Domestic Hex,Combines visible-affinity imagery into a distinct player-facing epithet; hidden affinity excluded.
cv3_villain_003,Emeka J. Obi,villain,spymaster turning every alliance into leverage caught in a comedy conflict,The Laughing Decoy,Combines visible-affinity imagery into a distinct player-facing epithet; hidden affinity excluded.
cv3_villain_004,Linnea J. Berg,villain,show-stealing trickster caught in a mystery conflict,The Rigged Punchline,Combines visible-affinity imagery into a distinct player-facing epithet; hidden affinity excluded.
cv3_villain_005,Jian K. Zhou,villain,custodian claiming divine authority caught in a supernatural conflict,The Godless Haunting,Combines visible-affinity imagery into a distinct player-facing epithet; hidden affinity excluded.
cv3_villain_006,Simone K. Campbell,villain,broker who exploits unseen obligations caught in a cooking conflict,The Hungry Revenant,Combines visible-affinity imagery into a distinct player-facing epithet; hidden affinity excluded.
cv3_villain_007,Nadim K. Haddad,villain,ruthless taste-maker caught in a fantasy conflict,The Enchanted Appetite,Combines visible-affinity imagery into a distinct player-facing epithet; hidden affinity excluded.
cv3_villain_008,Zofia K. Nowak,villain,usurping court patron caught in a supernatural conflict,The Spirit Usurper,Combines visible-affinity imagery into a distinct player-facing epithet; hidden affinity excluded.
cv3_villain_009,Aamir K. Malik,villain,record holder who rigs the conditions caught in a cooking conflict,The Rationed Finish Line,Combines visible-affinity imagery into a distinct player-facing epithet; hidden affinity excluded.
cv3_villain_010,Amihan K. Reyes,villain,clan magistrate enforcing an unjust oath caught in a cooking conflict,The Withheld Harvest,Combines visible-affinity imagery into a distinct player-facing epithet; hidden affinity excluded.
cv3_villain_011,Kamau K. Mwangi,villain,spymaster turning every alliance into leverage caught in a cooking conflict,The Poisoned Provision,Combines visible-affinity imagery into a distinct player-facing epithet; hidden affinity excluded.
cv3_villain_012,Aminata K. Diop,villain,spymaster turning every alliance into leverage caught in a cyber conflict,The Masked Mainframe,Combines visible-affinity imagery into a distinct player-facing epithet; hidden affinity excluded.
cv3_villain_013,Haruki K. Mizuhara,villain,surveillance monopolist caught in a idol conflict,The Manufactured Idol,Combines visible-affinity imagery into a distinct player-facing epithet; hidden affinity excluded.
cv3_villain_014,Abena K. Mensah,villain,self-appointed ruler from elsewhere caught in a military conflict,The Invader Beyond Worlds,Combines visible-affinity imagery into a distinct player-facing epithet; hidden affinity excluded.
cv3_villain_015,Cian K. Byrne,villain,controller of a colony lifeline caught in a cyber conflict,The Orbital Overwriter,Combines visible-affinity imagery into a distinct player-facing epithet; hidden affinity excluded.
cv3_villain_016,Leela K. Rao,villain,usurping court patron caught in a horror conflict,The Dreadful Enchantment,Combines visible-affinity imagery into a distinct player-facing epithet; hidden affinity excluded.
cv3_villain_017,Minjun K. Seo,villain,spymaster turning every alliance into leverage caught in a fantasy conflict,The Forbidden Technique,Combines visible-affinity imagery into a distinct player-facing epithet; hidden affinity excluded.
cv3_villain_018,Adaeze K. Okoye,villain,architect of a convincing false account caught in a fantasy conflict,The Counterfeit Prophecy,Combines visible-affinity imagery into a distinct player-facing epithet; hidden affinity excluded.
cv3_villain_019,Elias K. Lind,villain,usurping court patron caught in a pirate conflict,The Enchanted Plunderer,Combines visible-affinity imagery into a distinct player-facing epithet; hidden affinity excluded.
cv3_villain_020,Lucia K. Vega,villain,clan magistrate enforcing an unjust oath caught in a fantasy conflict,The Oath-Eating Blade,Combines visible-affinity imagery into a distinct player-facing epithet; hidden affinity excluded.
cv3_villain_021,Andre L. Morgan,villain,fleet owner demanding obedience caught in a horror conflict,The Iron Nightmare,Combines visible-affinity imagery into a distinct player-facing epithet; hidden affinity excluded.
cv3_villain_022,Rania L. Nasser,villain,keeper of a predatory refuge caught in a nordic conflict,The Winter Terror,Combines visible-affinity imagery into a distinct player-facing epithet; hidden affinity excluded.
cv3_villain_023,Lukasz L. Kowalski,villain,clan magistrate enforcing an unjust oath caught in a horror conflict,The Gallows Duelist,Combines visible-affinity imagery into a distinct player-facing epithet; hidden affinity excluded.
cv3_villain_024,Sana L. Khan,villain,broker who exploits unseen obligations caught in a idol conflict,The Dead's Applause,Combines visible-affinity imagery into a distinct player-facing epithet; hidden affinity excluded.
cv3_villain_025,Paolo L. Santos,villain,star who controls the spotlight caught in a magical conflict,The Wish-Eating Star,Combines visible-affinity imagery into a distinct player-facing epithet; hidden affinity excluded.
cv3_villain_026,Wanjiku L. Njoroge,villain,clan magistrate enforcing an unjust oath caught in a idol conflict,The Golden Retainer,Combines visible-affinity imagery into a distinct player-facing epithet; hidden affinity excluded.
cv3_villain_027,Malik L. Sarr,villain,gatekeeper of a comfortable status quo caught in a isekai conflict,The Unwelcome Homecoming,Combines visible-affinity imagery into a distinct player-facing epithet; hidden affinity excluded.
cv3_villain_028,Misaki L. Fujimori,villain,self-appointed ruler from elsewhere caught in a mystery conflict,The Fabricated Portal,Combines visible-affinity imagery into a distinct player-facing epithet; hidden affinity excluded.
cv3_villain_029,Kwame L. Owusu,villain,custodian claiming divine authority caught in a romance conflict,The Heartless Oracle,Combines visible-affinity imagery into a distinct player-facing epithet; hidden affinity excluded.
cv3_villain_030,Orla L. Doyle,villain,clan magistrate enforcing an unjust oath caught in a isekai conflict,The Stranger's Shogun,Combines visible-affinity imagery into a distinct player-facing epithet; hidden affinity excluded.
cv3_villain_031,Arjun L. Iyer,villain,self-appointed ruler from elsewhere caught in a pirate conflict,The Otherworld Corsair,Combines visible-affinity imagery into a distinct player-facing epithet; hidden affinity excluded.
cv3_villain_032,Sumin L. Han,villain,spymaster turning every alliance into leverage caught in a isekai conflict,The Exile's Mask,Combines visible-affinity imagery into a distinct player-facing epithet; hidden affinity excluded.
cv3_villain_033,Emeka L. Obi,villain,clan magistrate enforcing an unjust oath caught in a magical conflict,The Cursed Scabbard,Combines visible-affinity imagery into a distinct player-facing epithet; hidden affinity excluded.
cv3_villain_034,Linnea L. Berg,villain,guardian who hoards transformation power caught in a pirate conflict,The Wishbound Raider,Combines visible-affinity imagery into a distinct player-facing epithet; hidden affinity excluded.
cv3_villain_035,Mateo L. Torres,villain,spymaster turning every alliance into leverage caught in a magical conflict,The Stolen Technique,Combines visible-affinity imagery into a distinct player-facing epithet; hidden affinity excluded.
cv3_villain_036,Lian L. Lin,villain,broker who exploits unseen obligations caught in a magical conflict,The Unquiet Wish,Combines visible-affinity imagery into a distinct player-facing epithet; hidden affinity excluded.
cv3_villain_037,Nadim M. Haddad,villain,fleet owner demanding obedience caught in a martial conflict,The Mechanised Fist,Combines visible-affinity imagery into a distinct player-facing epithet; hidden affinity excluded.
cv3_villain_038,Zofia M. Nowak,villain,owner of an isolated northern trade route caught in a survival conflict,The Withheld Winter Shelter,Combines visible-affinity imagery into a distinct player-facing epithet; hidden affinity excluded.
cv3_villain_039,Aamir M. Malik,villain,fleet owner demanding obedience caught in a mystery conflict,The Iron Alibi,Combines visible-affinity imagery into a distinct player-facing epithet; hidden affinity excluded.
cv3_villain_040,Amihan M. Reyes,villain,fleet owner demanding obedience caught in a samurai conflict,The Tyrant's Exoskeleton,Combines visible-affinity imagery into a distinct player-facing epithet; hidden affinity excluded.
cv3_villain_041,Kamau M. Mwangi,villain,fleet owner demanding obedience caught in a shinobi conflict,The Covert Colossus,Combines visible-affinity imagery into a distinct player-facing epithet; hidden affinity excluded.
cv3_villain_042,Aminata M. Diop,villain,fleet owner demanding obedience caught in a supernatural conflict,The Possessed Circuit,Combines visible-affinity imagery into a distinct player-facing epithet; hidden affinity excluded.
cv3_villain_043,Haruki M. Mizuhara,villain,commander sacrificing people to doctrine caught in a mythology conflict,The War God's Claim,Combines visible-affinity imagery into a distinct player-facing epithet; hidden affinity excluded.
cv3_villain_044,Abena M. Mensah,villain,clan magistrate enforcing an unjust oath caught in a military conflict,The Clan's Iron Levy,Combines visible-affinity imagery into a distinct player-facing epithet; hidden affinity excluded.
cv3_villain_045,Cian M. Byrne,villain,spymaster turning every alliance into leverage caught in a military conflict,The Invisible Occupation,Combines visible-affinity imagery into a distinct player-facing epithet; hidden affinity excluded.
cv3_villain_046,Leela M. Rao,villain,clan magistrate enforcing an unjust oath caught in a shinobi conflict,The Double Oath,Combines visible-affinity imagery into a distinct player-facing epithet; hidden affinity excluded.
cv3_villain_047,Minjun M. Seo,villain,spymaster turning every alliance into leverage caught in a mythology conflict,The Myth Behind Masks,Combines visible-affinity imagery into a distinct player-facing epithet; hidden affinity excluded.
cv3_villain_048,Adaeze M. Okoye,villain,clan magistrate enforcing an unjust oath caught in a nordic conflict,The Winter Magistrate,Combines visible-affinity imagery into a distinct player-facing epithet; hidden affinity excluded.
cv3_villain_049,Elias M. Lind,villain,owner of an isolated northern trade route caught in a slice conflict,The Frozen Hearth,Combines visible-affinity imagery into a distinct player-facing epithet; hidden affinity excluded.
cv3_villain_050,Lucia M. Vega,villain,spymaster turning every alliance into leverage caught in a slice conflict,The Familiar Impostor,Combines visible-affinity imagery into a distinct player-facing epithet; hidden affinity excluded.
cv3_villain_051,Jian M. Zhou,villain,shelter keeper rationing hope caught in a space conflict,The Last Oxygen Toll,Combines visible-affinity imagery into a distinct player-facing epithet; hidden affinity excluded.
cv3_villain_052,Simone M. Campbell,villain,clan magistrate enforcing an unjust oath caught in a shinobi conflict,The Retainer's Betrayal,Combines visible-affinity imagery into a distinct player-facing epithet; hidden affinity excluded.
