filename,sha256,bytes
g30_pet_shojo_001.webp,a496d3b1bb711ce5461a54a068fcd4be95a621cd7dc00356a8c15818f3cd4874,40286
g30_pet_shojo_002.webp,14300d37aa28ccbcf8576b31563ca6f98f413cb5d3ba40e66428ef2e885edad2,50270
g30_pet_shojo_003.webp,196b49d91cbe2e5fbca4fca484a1b5020968a90b2b0675b226f2a314d55cc790,30452
g30_pet_shojo_004.webp,e30c976c86b444453a551554b2754ef556180472c1f8ebd920e29b0b120b1435,48146
g30_pet_shojo_005.webp,778895cdf77568dbbfaa8703e8e33b9d3e1ce08b2fd51a99c648c2811ada36fa,44206
g30_pet_shojo_006.webp,9fb0ff815c531f15bf58ececc67205827d7975930f476ae789c0c07ea5a1f8b6,48182
g30_pet_shojo_007.webp,20aca56e6fcb7905afccd417b16730f846c7de85957bcdf29a8e13a00a22f032,44448
g30_pet_shojo_008.webp,04892456a53e24d7bef0b47d9fe5224943708d03d93c2f0d12ac01fc107cbab4,43842
g30_pet_shojo_009.webp,8a4011b28a0fc1785ab732cf7cf32cf9b2e77048d92d1699c9b158aa80b34635,30040
g30_pet_shojo_010.webp,b97ec1b091688d9aba49e90e2a85d1cbde857f62a2c921a449776d4315845113,40426
g30_pet_shojo_011.webp,90ced8d09d7fd963b598f784f25bdef14b091f46d8dee6bd07d52bf057417265,42914
g30_pet_shojo_012.webp,c8f5c562d49ae5a487e68576f4b6760e4efdd58217ce90f8413d43ecf6c8d982,48676
g30_pet_shojo_013.webp,f220b10771241bde4c802af9f67ad8359bb9b04af177ad9e76a200df3a8bf9e3,44248
g30_pet_shojo_014.webp,ee12983c632d5d3a3ed1b3822d9f789f13b195dfede44fed39baeba63b78ea33,51984
g30_pet_shojo_015.webp,f76830c9573a74c898e80608fc5817a7d08e5656ea91c5635295e247a8baf3c4,44950
g30_pet_shojo_016.webp,50236ec4eb8740ed2a3ed6e0dda492b1d915948ed32e0d44ca70327c199834ce,53006
g30_pet_shojo_017.webp,e892cfaacf1cca626b0bd787b0dc11d8d4b39151eeade3aae00a94970c8a9bec,51492
g30_pet_shojo_018.webp,3f2958ae839c7870319144a8e76fbe68f91b7f332b366621c1dd4cd4a4c463ac,49332
g30_pet_shojo_019.webp,866cde9ec0538a96fbd77f4ace24337971a3fa96088405af543f9337e11b729a,46332
g30_pet_shojo_020.webp,953ee1dac9f5cab4988e2b807707be2a9f2f3b5f8f910a1668a3cee57daa0f12,53206
g30_pet_shojo_021.webp,fc33d117ff1b0f1a5ed3f69b73044b5a98cb0d05b6409ec62e8dcd290ab5c2a9,38784
g30_pet_shojo_022.webp,57f10d731ec01833932326b93d3549a3497fb82ac6e6dad1e9ae69bf1256fae7,51526
g30_pet_shojo_023.webp,69e2742a4a69e10dcf9a082d9678f2e186ae160f95734c30069a0071f9843588,50264
g30_pet_shojo_024.webp,476d29a260bc3df455ad9aed7df53943703314627cd319b02e3d9c5b22f6d3a2,39768
g30_pet_shojo_025.webp,7f98d9303a44a6b54cc17b5f071759e2ad0934247a2645c885b110995acdeb17,42362
g30_pet_shojo_026.webp,61f8922345e075867d75b0ce231ec806be26a395d45d1774d71f6c18a6791504,47930
g30_pet_shojo_027.webp,888529bd892ad8b70882db2811ef310c75a5bd827e092282b724b315d62eefdd,36058
g30_pet_shojo_028.webp,ba38bc400b6275daae4ec563ad7b37bda3f2b97021f8579b934fcc4e44f565f5,46840
g30_pet_shojo_029.webp,eac83a33dedda6a85c1270c19e2cc8bd97b8d3ac66b6801b4dc7b006dfde17e6,36702
g30_pet_shojo_030.webp,5611bfa5cff065af3c8897ac35ca10f26dd051970a3dfee123c39b2a65afb1d8,35614
g30_pet_shojo_031.webp,454a9850cccc6bcea756d11b654c07ec3d387089f9c738691992531245cb92d8,42810
g30_pet_shojo_032.webp,0d9f19b487cef56b13375ecad4862ea068e7718980a19c9562c2d3abb435ebdd,46076
g30_pet_shojo_033.webp,d3c0c49ea3bb36324427820654c2a73876e98e823fdef1b8080d15cba12ba1e9,37068
g30_pet_shojo_034.webp,824f06e2da1e400bd855a5b4126eef7668a0f2bdeb259071ff016dda77f470b0,40260
g30_pet_shojo_035.webp,fac2c10c73dc53b67f66cdba8b950293601e34c789df879efea361f4ff774c2b,35920
g30_pet_shojo_036.webp,7cc38c625f7d7f7c7bca8262f647ebc5d22a7bb076141dfca74785daa2a89f9d,43928
g30_pet_shojo_037.webp,afe0f4b7db8902855c01f87078d132c1ddeb2ca9aacb9162a8ed662877997b32,51878
g30_pet_shojo_038.webp,a05a4a3e7ddf8c83889d505a3752494fb35da16c8ab0439b3a6259081b828192,50510
g30_pet_shojo_039.webp,7684d82c7cc9fe5fde42b28b5daeb7dcf06e91674bd83738685cfaf094a5e801,40876
g30_pet_shojo_040.webp,d67ba9f8ff2fbce2addf55a1901e03c83cd819f3bbf085f910049f6480b286f7,47478
g30_pet_shojo_041.webp,fdde4ce8c3c564d8cda9a0bdc97e3d77840a798caade5ba5d4c3de6c470338fd,45952
g30_pet_shojo_042.webp,5131f9a3f6300e6d6eb8788def2efb169b9a13292f71b17cd674bd29e2665fbd,45608
g30_pet_shojo_043.webp,30eb62d7fd242531a35d5f89033383bfc2f3447b9102fc6a454e3a31f66cfb3c,47270
g30_pet_shojo_044.webp,750e389090a80bbbf20a6a905ec7505b6b3f9a7ed5f9e27b85133000e3365b67,44706
g30_pet_shojo_045.webp,c753b8462c84ad65ec41bca17429f497fa92713aeb366a71281362d4f5be1401,45080
g30_pet_shojo_046.webp,ec9e879ffe8b4f6f1d537d1d503f8cc011a2b74557cbdd38f5e655f71fd1e834,50300
g30_pet_shojo_047.webp,d1834aad4874941ba8e2551edd0b691cf728e8884e870c878167cf15f0b72639,39210
g30_pet_shojo_048.webp,7e269db72fc70b028b9e17f8ad706c6db7bdb5cddb5bf406fa753f244474f953,37682
g30_pet_shojo_049.webp,9839e34520717884845f479e4eb1b6adbb3a0d51d25c5663c94931262c0f55a3,34466
g30_pet_shojo_050.webp,fda6a11cdcde8f75386455230d181ab07d161a3157b80c44ca299086a3520e0a,47036
g30_pet_shojo_051.webp,a45b7e3eefdebcbbba370870f470c0b1164c15672b972c11e8d42edc8a4e9e69,36814
g30_pet_shojo_052.webp,021ab570074df2aea714f68d408ae37274a617ba66f8edeb57a0816338d87888,45968
g30_pet_shojo_053.webp,c72f8b85473d9ce346e979e53224b77c7ea033749ecc65aeff6a53b52d0912ba,48836
g30_pet_shojo_054.webp,d0d1fb92933b588faf11a6165c77dfde64878c7fcaa0d0751ace6aeb447d75c7,38958
g30_pet_shojo_055.webp,9e189f16ec4dc56ec31140cb83192ac3a291eb82b79b0e008e0c78d13e33d436,42950
g30_pet_shojo_056.webp,f2730830cc5fea4bd77b8c467798df9d9c4de466b8c0f56060df8383ac4d3a0f,56606
g30_pet_shojo_057.webp,d40151600bb9052f6dbee626ae821a1f7c54fd3c271f6802a6b00f7501ffc4fd,44774
g30_pet_shojo_058.webp,e220c694a405cdace68720b5cd48c0f63769552cbc917e0cb523656667cf89fe,55782
g30_pet_shojo_059.webp,1ed5a090657339ca15487bd61373ffa61e193d86d964b855c878f4a4568add05,43174
g30_pet_shojo_060.webp,b1a6e084601e3ef9a22bf0420f08b3a85dd157d4aee2db50b599bdaec323fcac,42370
g30_pet_shojo_061.webp,bdddd3d1e8a1cdaa9dc7d622315edfaa5cbb1a5b0ce57414134398801d176515,59942
g30_pet_shojo_062.webp,5a7c674919c013efd9f933ab8cec6d6d535758512a13ac26a4ba4aac317da6c3,54252
g30_pet_shojo_063.webp,df2e7ea8914662c9bf4aecb0f37eb5a055bc5d98cba7b8c189b8f67998e19f68,49142
g30_pet_shojo_064.webp,d9b29ed2b8b1004c4d56479d9c1eee2d4796b89b566531a3c9ef25b14cf7508f,39708
g30_pet_shojo_065.webp,8e77c9e3244a86315e0ddb7cea4f21f144e0d61c860c1423446626a230876943,46476
g30_pet_shonen_001.webp,909496e4600e3cd0a48893fa6720e2e10d17bca8eb9f6960c0a42f38996e329c,36814
g30_pet_shonen_002.webp,40b77411875c251425f88cc935d2e3852f895934f41931e624a65e56ab9b47f7,44648
g30_pet_shonen_003.webp,526f3acd5635af21fdcc3b0abc1b30c4d3c313ab8245dc520db8283b60149599,36294
g30_pet_shonen_004.webp,cd855a3ec55e249665dbb7994c1a3a155e4f278d06384195020de0c077cbbd47,43328
g30_pet_shonen_005.webp,19c355cb4d9f521c9d90928cf86e0235ce2194db40dfb81d426f055f95ca08f2,46004
g30_pet_shonen_006.webp,b228bf0038f2e3747e1ce6739fa72775485693a6e6f574c11ddc3139f77383eb,44962
g30_pet_shonen_007.webp,3be622149d15977a9ca76e7b981da2f42b4004d648aaaed85138ca7d7c5245f5,41356
g30_pet_shonen_008.webp,15a95a0fac618bc88f2697cce0198fcce8663b73848016b77ef3d02428f9786d,39712
g30_pet_shonen_009.webp,3bfeb426db257b072a4021e11c533757a71017ffa530bf4e7865a2e1383f53b7,32784
g30_pet_shonen_010.webp,00933f08b8c602ec96ae4a3260140c5782166b616877daf389166345ab855f92,31872
g30_pet_shonen_011.webp,d4ae4cf741497e6d2c0f21c61746c8151816433d4fac14cdbcb37d5a8473e56e,44996
g30_pet_shonen_012.webp,6d874b807bdb637f7cc674731b8417c7737055cb3abed12053164a3d10353de4,45262
g30_pet_shonen_013.webp,62f3784849ea5b1c31e712ec19393cfdfea9feac30c5899b2d1c11aaea174c49,41036
g30_pet_shonen_014.webp,f272007ab35cfe4bef597b4a0a07006cfc02e484d71842fdd2e3b16f7e82d863,43460
g30_pet_shonen_015.webp,09a1b77beba8be85d7e9ff7a3a8e1ef39010c6d7140168a6bba0425d19191480,49130
g30_pet_shonen_016.webp,2df63f56a31113993c62f95134890aef2b216a43347663faa9b9c544aee4db15,43026
g30_pet_shonen_017.webp,971be7ba23ed1510d63d8da8c1b4d8a7921b4d6f1bc44c38ef9310598cfce32a,52920
g30_pet_shonen_018.webp,2c85f58b6a8bef802a90de38f82f50d376e220e6eac1ccdc303c23deb1494f06,52530
g30_pet_shonen_019.webp,1406843cfda761b6c0ca5d1af3202d2dd8efde1b0132c46b430292a124c7b4a9,41772
g30_pet_shonen_020.webp,39bf14cedf395ab5377b9aaa438bacab24ca474c24174e620e3249bc6dd4290d,49986
g30_pet_shonen_021.webp,ae381f2cca3f013520144bce0c49e68075d08e5b8dd69960bf1a0a0af9f26df0,44540
g30_pet_shonen_022.webp,2b18451af5755df51fbc4425540d5b6db5c5aa6a64682c1e93ff894a089a0074,47128
g30_pet_shonen_023.webp,b838d9f457c6713da439c6a3ab11934874642b2cae34f6955b4a675f6468bdd4,50840
g30_pet_shonen_024.webp,d7b4b44bbbd2b3ed33cee0284a9b859473e8566b48cb97988ef54b1ac0ff5641,42630
g30_pet_shonen_025.webp,e8f8cf74f3df8855cb5864e0f53c3947fede4977664a02a573d319d1047b2646,40652
g30_pet_shonen_026.webp,82564f7d6420f2fbef4ef6a46327c85339232862b2a3dc23e8d8b795d1cd0dc0,45192
g30_pet_shonen_027.webp,6462903318ef6fa4d1f040d0ec5c26141c4a1e9ddf3284ace68ffcf1b1bae501,45122
g30_pet_shonen_028.webp,32c41ce8b99392a1f7e6ede0f7feb9b580254f29be52b2868c4a3ca2b4a50fae,39676
g30_pet_shonen_029.webp,8fbeacc24ac97dce88bad7b6fcc5ee8beaf349dbc787861e199017b00061bf8f,46612
g30_pet_shonen_030.webp,14b075493a6f7a08e77d824cc8dc5f425f1767522ff3cf685683352feb0d1a51,41802
g30_pet_shonen_031.webp,186af45b36a2939e5266b943898d8059fc3f8211d6054f65cea0253f739de3f8,44040
g30_pet_shonen_032.webp,607ba329881754b5d8c8c1ea360673fc97b0ff6f20614c2faabe67ccdd08f5b2,46264
g30_pet_shonen_033.webp,cccceb547c42f1ae3ada9bb3816e267cb748d83c1bef6ab53155507c0716f2ed,48352
g30_pet_shonen_034.webp,696b724942f0b78e929603895f7c7807e6095cccd0a8dc61a62cc81c66fcb490,42520
g30_pet_shonen_035.webp,f4fed95c65ff50d3f353031ed492f8a6046f267718eda6cbd6ef19e72b807f81,45210
g30_pet_shonen_036.webp,9756bc5d5ca729de05181ff77456f00a4560c08ae072dd336610e179faa7c696,48352
g30_pet_shonen_037.webp,547dbc9cfa9b08d4af240d30b3f0737f0b6bd790b7d2626c600dfd456ac1309e,51006
g30_pet_shonen_038.webp,8138f2eb5411f6e603cdea62d6eda21bb7680920231dbc75775f7645e9ca5c6d,48886
g30_pet_shonen_039.webp,f519593663142f876eca501c82bb83081bfb8d0077c8111a9869e613b413a308,41400
g30_pet_shonen_040.webp,97e339ac47c949c012d5a38bb72d9efb1a364a2a1f132a1fff40a2a69fd856ff,40194
g30_pet_shonen_041.webp,3439be1bcbdeee877c34f7ee0c1c1ceb3f0d6805d8af38d9e3a1f014bb7d9fd1,46388
g30_pet_shonen_042.webp,b4c7eb658a4fabfcbd16cfe77a3c9bea933cf8ed1f2f5bcc9a9ec8b0b1960841,43778
g30_pet_shonen_043.webp,4eec7896e71d7d3a27ef799325b408243ecb5c191b3f09e1ebaec2857cb52380,44726
g30_pet_shonen_044.webp,de3203dce4b0d7094627b5e577343fc2bdbae777eea6fc9f1273c9a190fc6a84,45834
g30_pet_shonen_045.webp,65bd09735fa8556e38e068fd8fa69a79e0a53ec4e94043f98d0170ec89bd3f21,43578
g30_pet_shonen_046.webp,1ea4f5ee28f1a96cf5463903cd1d19d769eb6f97ef0670e392f6d07741cfb904,43336
g30_pet_shonen_047.webp,9bf3d99d953fff3d1544e47388a21c9e46bb0d78cab8a39146903d2521cfbabc,36918
g30_pet_shonen_048.webp,458f0bde565f9acf8ca01f86a10138170b72f07382e0c71e4f20a3bed6ef7cc2,37504
g30_pet_shonen_049.webp,ccdace2f1ea44d6d1d9f4a10d50b5ed1f81de0aad0ed444ff28263fffabbd510,31244
g30_pet_shonen_050.webp,95b92d8f68271237817de89ff4101904f0775618351e7450e79374ab9f70eb89,33722
g30_pet_shonen_051.webp,4f2d0c894aa84c9148229ceda97213ecce937505034606d92d0236224883a3c3,45840
g30_pet_shonen_052.webp,c7ed32fb111c24c4f7dfb92d4ded32403f51fa5737e74c6d4aab8e341d81269f,39506
g30_pet_shonen_053.webp,25bec16fc3b0e0e2eb12f52e344dee67f0ffe39796abda0daba5841d63b0bd9b,54104
g30_pet_shonen_054.webp,61ed19bef7b57f7ecf26d56565bb434de85617465297cf7fe6049856a9d90603,46316
g30_pet_shonen_055.webp,c485d28945a999da18b98248e184a633aa8e755fcd48d4858b84a263ca9c7b6d,41388
g30_pet_shonen_056.webp,01de32287c3c7ff72b900e66b5daa9f631236575d3f993dd1728a3281ab74b66,50448
g30_pet_shonen_057.webp,32e829e08ab2acf38e09eca9d615776863ed5766a1f95ad87be29eb85a7a7608,48242
g30_pet_shonen_058.webp,936a57a827adb4f360a7b4aa03f7efa24ed49cbfb1f58760934c1e8ebd0edbe9,43054
g30_pet_shonen_059.webp,dc35c70f5b4970f40c2618aac799346fd4f4aca78b0819a5f14601f2dd443555,47874
g30_pet_shonen_060.webp,b2765d5e290942b1d1f4337660f6462d6a2dd5c25165eb788903ce64998257f2,47578
g30_pet_shonen_061.webp,bfbc12072dbe86ce79a2a622432e18b18a232c0b7346db7790c5393cd66c2d8f,44452
g30_pet_shonen_062.webp,f8e64a7b38932c280faad65f0360d42eba969cdfd5e3ccb52ef696a8efdc0105,45804
g30_pet_shonen_063.webp,7a4e3a77e12e7b3a0dcdffa6f49d3dda44175091f22f67c9a666262c44418701,53836
g30_pet_shonen_064.webp,93b7a00832925e78653a99b994194774291b781a3fc83ed3029c5b77269c99b5,34096
g30_pet_shonen_065.webp,8cc81acd47c90d32c3e90975609a3da18a00371ddfcf5175c10032c092b9d098,46776
g30_protag_shojo_001.webp,64a785c506586b44814c37b5686cf0fdf9a444bce5e693b61a9c3cfdb8f89e6f,38196
g30_protag_shojo_002.webp,03f15bd1dc5561adc3879dc0a76a35466a9b15e189cfe94bf49026ecfcc458db,49668
g30_protag_shojo_003.webp,63fbba957827bfe87bf41b6bffdcdcd195224e02ec1bedc5b9e6d6341ab9791a,34224
g30_protag_shojo_004.webp,eb1571d65776900c15966706876495e4e33ef2e2860caee91f36060b6d50dc88,38510
g30_protag_shojo_005.webp,14e168d3e7f8fe00af8316d1856c0d21f63971db9ed8b4260138e307cd1f3077,41154
g30_protag_shojo_006.webp,26bc45b1e9e5e0b3e8dd04f5466391786108c9417060d4b3bf6a36ba43f088d6,45918
g30_protag_shojo_007.webp,44d510042d1df0e41615b5658cdbe3100dad801c95bbe71008f30a5479bde930,41186
g30_protag_shojo_008.webp,a596b61830216f853c7475b950ae1928fb2996be443ddc23a9c69d6ab73d94e6,43814
g30_protag_shojo_009.webp,8e8297bb32ce611862829555e2e6e98a624fa2ed50a67b947cda17a81731091a,33550
g30_protag_shojo_010.webp,c94ff42c9124a1efadac67081505fca4d564ce799477528c226ddbdda3345c37,31324
g30_protag_shojo_011.webp,bba5d14dbf2775e4895a11152f357ee599872ffa9e0bf1b883ea21a46e80afbe,38908
g30_protag_shojo_012.webp,b63425f33676473abb6bd33ebb47b0f884ca27405fc52637d94aad91647fb03b,39978
g30_protag_shojo_013.webp,2ee8b239440a2ac1972741168ee69f7211e78ace0b66165c463721c72db40f8b,35370
g30_protag_shojo_014.webp,b12ce72a51c5d979ea874f76741fb7c0bac4737c5c05968369efe939bd8355c9,40594
g30_protag_shojo_015.webp,3c8a0d621850b927680eadc1ccef3c3de59026ad130fce79199d9ca483ab6934,44940
g30_protag_shojo_016.webp,ec777b77c3d018c09a16521cdba88009a483acb89aaedea1f05f6bc73ab5ba16,47686
g30_protag_shojo_017.webp,5ea5de9ffb6590ce8ab3d4209276c9dc8170a2209f819f2a02cba22da732ff07,43918
g30_protag_shojo_018.webp,9f56cfe2f6df410e491136a66f3e1df509596aa9d919fedfcc1006f4f32e6031,44882
g30_protag_shojo_019.webp,ada3a22febf706f7a43f9888b66c656aaabe84575fb37fa55b9f22af4d659002,41740
g30_protag_shojo_020.webp,047259721ba77fabe070537c9fb00d6fa20040870b7ff15265a417ff1c1c2d31,48480
g30_protag_shojo_021.webp,caafc7b1c35d24f232d4bc67f9c024655cbaf3f7ccbe2ef1581643692144d31e,35494
g30_protag_shojo_022.webp,6b6cafd5206604b315f075d0296b9948ec28091d5d64267e509d23f8143f0db6,43716
g30_protag_shojo_023.webp,a650d370c12d220c8c4aec8e106cf6ce8d5c2897c1b157b1ce1f206f143f2529,48246
g30_protag_shojo_024.webp,df467305733cea95b34b214a1ba907877d91d144000ccaad96499aa4b149e1b5,46930
g30_protag_shojo_025.webp,bc3ade351a1af279a2bf70eca99adc97c038a8c3ec018a2b39ccdee7e84925e6,50264
g30_protag_shojo_026.webp,3418508dcbb0cb956563a4d549f9967685bee49dd7afe47fd55a91ca602132c4,47460
g30_protag_shojo_027.webp,068eee6fbf8a25c8367d812d4c61a5278ac0e1bc0f093589b56bf3639128113a,43320
g30_protag_shojo_028.webp,52b6b53efb49cfa1c3007b2bd7caca4f6e99cb0f91fefa4742e7fe2163f51eaf,37466
g30_protag_shojo_029.webp,bbb79cca2b592f01ba8546f2913a6dfb006eb7a0ccb80edbc956c121719d06ed,42382
g30_protag_shojo_030.webp,fac44264ae606fce0f384566559c52dbf1200385d284c3603a0dca526b252c1c,47822
g30_protag_shojo_031.webp,82d73fcba0c95289034dad0225771c46995ba833752684eb70604e12c1e3af8b,34776
g30_protag_shojo_032.webp,81a55f71d452a7efee83f0e2daa56303848af84c4cc65d8af5ed4944d96a37d5,45320
g30_protag_shojo_033.webp,85856f4c67020611facb36a7e13bc7e16970e09cb23ebee277120674f9947720,48254
g30_protag_shojo_034.webp,939186b06bf257db9fce067b41394508e1cd6204cd01a8398219db5cb18ec5fa,43340
g30_protag_shojo_035.webp,a1bdce5b404018e3599e1bb664fa714485741b7be01dc4e493949677522a64fd,43952
g30_protag_shojo_036.webp,d14f799d447f834dd58f17e65f5e8b9d879bc424d7318e3efe1c4f7ff0196191,46214
g30_protag_shojo_037.webp,77e8fbfd6c70f714c5b966880bce2dc1a7b9c77df6760148008b9b49355ee87d,43144
g30_protag_shojo_038.webp,e11d934c5aa93d87703b4c7d06e2e3727b040320696d7ea24f6297e2765ba467,44378
g30_protag_shojo_039.webp,ffc77af961db7036960ff39fe57b48982ff82ca572c986d998cdc16178c5ff2a,43574
g30_protag_shojo_040.webp,e47789212dd2e7c6f9db943ee4397539de774b3c960966867944c6b749c1c0fb,42194
g30_protag_shojo_041.webp,a59d75e1b3b6d36d30bf701976e959efd889979788596eee42bf7a7d0016b124,44700
g30_protag_shojo_042.webp,81c3234888a49668c3ae42a7ca66113b236f829f1ab8461e7971a239a82da8a6,44166
g30_protag_shojo_043.webp,d44e0ecbfe0949a4dd3f26101e70b298efc724d2883516874a26413f095ad289,40022
g30_protag_shojo_044.webp,679ab6119fb21f1fd7a36558446421789b070d305b5588c2b272f4bae4815043,44606
g30_protag_shojo_045.webp,8567a4c0778e06a3174db4cbddddd41b2f3f505a7205b9baf438f071b3350b97,46850
g30_protag_shojo_046.webp,c795fb7c8b5b0ec12bf103bcda62cf8f6b76d06b77f423c89a98ba564d2986f4,55568
g30_protag_shojo_047.webp,7f2c256f428143d6f7490a778ed6ba683b259fb294df9d7debbb5b739066abc3,50752
g30_protag_shojo_048.webp,cbd968ae040d27d882d0e702c8452b3475fec03d99c252056f12e81dfe24f6fb,45936
g30_protag_shojo_049.webp,263d097ce271c8189ae9f505488dc760aff48b4a8b3b075004fa6fb118d3a8d1,42014
g30_protag_shojo_050.webp,06df28c5397817599fca361b689d35174f1fff3fc07292757c4860cb626e9a90,51018
g30_protag_shojo_051.webp,858348b8c2937b4e0502f7158b1011b066e852f746870252812fe27d00a81eac,49826
g30_protag_shojo_052.webp,2867e13c6ef53663192d8ebcdffa6741273d7263b36b902991ecc3fd001b79c2,57748
g30_protag_shojo_053.webp,e6d88ae83d7892c2d9c1fd71908c297bad3c28c6d3bc4b1c3400ec7430bd4850,54164
g30_protag_shojo_054.webp,a30667b8a55a4deb6be4a92b1e56534b0db131051ee726de5783b03eaf7e4ef2,56252
g30_protag_shojo_055.webp,88539177c0da31241ed42f1ae482181c085b8d2f6aad19bb07718092dd866b89,48984
g30_protag_shojo_056.webp,8a36524510e65f0c349b0803d94cdb455fd639947c04716ee16544a9fd1a175c,48544
g30_protag_shojo_057.webp,57576a728a3ba4865993bb0849dbc3b9f927d5434aaf7b90ad6aa482423854e1,48042
g30_protag_shojo_058.webp,cb296279c96c297cb2e2719275dc05efb85a92fca17eba37240d81a274d84aa7,49486
g30_protag_shojo_059.webp,f2329c04e2945b6530de82edd68b429d47c59d5f0912104625d58114f06a5ecd,42614
g30_protag_shojo_060.webp,3913864100c4e70d441fa6ae8fcff65df4f05150e9f73f86d82acf5b57f06191,51152
g30_protag_shojo_061.webp,1ad5e314e23ae2b4ecdc7e98077dacdc9ee5f2fc528cfc10cc51344b6a04a236,45278
g30_protag_shojo_062.webp,879c71534a7742492e8566d0d6d4e50339fb351f49b3950035ec4c781a337cae,49928
g30_protag_shojo_063.webp,daab6b2b680c9954774225e5559a62ae4ab611bd7fcc8cb9540f32b5fede79bc,45690
g30_protag_shojo_064.webp,a2a379d7442cc171d8f4acd6ac53ea02db5edf21ab94af12950688b774302a24,35098
g30_protag_shojo_065.webp,edb7ba43db4ebf52f79dd525af7189da6ad16a3985cd18a2dc5a780bafd9ccf2,43484
g30_protag_shonen_001.webp,32165fc876ce6777aec602378e3af719ad3b33298040451588b1062a850d0401,48844
g30_protag_shonen_002.webp,b2c90c4c11dcddbb83e01ba530945da45b1681de76f6ca0b30a1338780ab1c27,46152
g30_protag_shonen_003.webp,7d1c03a449e235531d7d58641cc2fc4c25fbd8f72191b1458d4075cf0f345cb2,38486
g30_protag_shonen_004.webp,8bfc22f8b0dd353a10f77d8d5a1b450aa70452442f08a265286867fc685189ed,43604
g30_protag_shonen_005.webp,6f5e2bf9b8162e76feedb25ca9fffeafffb990a481c4da83949e994911878b45,47368
g30_protag_shonen_006.webp,0df5a39a26d343e34c4d876d383881e91645bd5789f9d6232a5a512126be75c2,47078
g30_protag_shonen_007.webp,4e2876014d3cc5cdb7f885d60a3d0e2768a2bba4212d76f613fca71b12eb0971,46068
g30_protag_shonen_008.webp,41a69aafa6175ba1dbe2bb1f079d0ab6f6cb823976b71ff18eb4dd2564a9318b,44182
g30_protag_shonen_009.webp,92f2d843d9d8a29746c0c754a9ffc5b5df97f6c98ac65b203b2ec4802958962e,36016
g30_protag_shonen_010.webp,80fade3274ec5d5067341b4bbc07de8b7334ef122d1f102a273323fe54b66341,39832
g30_protag_shonen_011.webp,539138f88256b22ce884e7b082db0ce6c5ad5f5d7f36119f7b11862b311dd7eb,49516
g30_protag_shonen_012.webp,7918753eb98af6f18e4a947395d43c12530083b8a61bac51ea3f1ce166a20fd0,53432
g30_protag_shonen_013.webp,2a7233ded8488d2baeb4c3b9c694716be4796c7afedaa5e032fffa533bcf7c63,51080
g30_protag_shonen_014.webp,4caaf021c45c4e308198cdc54e9f7ed8d0abc1caac0e0e7a5169faeab0b619d5,48658
g30_protag_shonen_015.webp,96dab75e3c3e392ac0a71c266062b5e17d07e481701be251afd43b4621f6acc3,56894
g30_protag_shonen_016.webp,5feb4822f6626191f6ab43007dc0e6332b237aeb2eb5e289760e254aa9337d1b,55792
g30_protag_shonen_017.webp,89d44bb6bba3d392204c65fa81ff99c4aa848d38d04233d7eff11af2d7b13e97,45792
g30_protag_shonen_018.webp,8ee64c6e088b81e2850feddbbf7326368861a5b34c84922615bb2e54bdd2c4d6,53546
g30_protag_shonen_019.webp,ef3bbb2fb4fc03218d40e611e1d07d83b81053d4df18593f57cc1e1f957e0af4,56650
g30_protag_shonen_020.webp,0565a34852884706542806654dcf6af4a97b04f53d4125d1c9afdbd55748529f,56752
g30_protag_shonen_021.webp,f8ea24014b98b13c15bcb325748663ddf23b897557ac50812bbe877416f3fc5c,48930
g30_protag_shonen_022.webp,cb5719bd20c040adb7637eb9cf053152d4a186c34ffd2f30f34b926adfde6741,43272
g30_protag_shonen_023.webp,bc3be5f097add88043e4117203c0a2bd4dbfc1a92098b66aa47d40c97ed3208a,47028
g30_protag_shonen_024.webp,fd2c3e78f7b7af04364c92f7447d432bc65be6e6e7c2864654c5b84c3b8195c2,48624
g30_protag_shonen_025.webp,be86bffdceb66b3a1d7f0184d1a30b42464c4e5f0f20d4138f8f4305ab2a2982,50530
g30_protag_shonen_026.webp,87368e70dba749b2e259d257a2c00b4814a52a10a9d6922881fb011347e01886,42850
g30_protag_shonen_027.webp,7ae883bb8f3754b8c5d1779540a604c78cd300725a9a852b1f39a645bd8c05d5,47168
g30_protag_shonen_028.webp,42a21fb7f9c51efc46f93afbea0bea94366c6cdcbefbc8291ffee73cda02600b,40028
g30_protag_shonen_029.webp,722447d7a352f6eeb9d652fbd15a27e7f2a09f5880520959a82a52bedb2920ba,43920
g30_protag_shonen_030.webp,25487b778130dfd89b0988ab78345e48a4c2e645c26fc76b52dc6d1b2ae66d93,44272
g30_protag_shonen_031.webp,660be64b48923c795778fa704e4268658a01f41f4719685df74fb936956460b4,53454
g30_protag_shonen_032.webp,4f4cf347531f7faee2e5302b407f947689fd3038c79645b214b7b26e646f0083,48790
g30_protag_shonen_033.webp,dc987237418e56667c3faddb2abfb903aa5eb0b75d9a495f52efe5e2dc2e2955,56126
g30_protag_shonen_034.webp,3a8a30613d384bee98b9c9bcbc0376145cd8ac6b40e48bfab4b54c1145a87cfc,47740
g30_protag_shonen_035.webp,b9a5f33dfae850ba2280d91aea40242e76fa37fac7ea1e48b9a962d82e8dfaa4,41966
g30_protag_shonen_036.webp,354ad0bf150f69295b74619677f50debb6a227dbf673d8164ef4c3f69df68a79,43262
g30_protag_shonen_037.webp,a3925223c88d80091799547f1471acf8a6e034547e931f10c0fe767279550062,56320
g30_protag_shonen_038.webp,b79039e225fab421508f4d572203a5c89bbe2a012b20e7706bea7cdbb7f64232,53738
g30_protag_shonen_039.webp,9ad92fbf25e7b2461ea332d1d8cce7c143ca9992ee56b84989b7e2104e6b2277,50652
g30_protag_shonen_040.webp,4a328868b355ecce953c904d2fbc256487fcbe1a1ad6871791577383f9ec885f,50224
g30_protag_shonen_041.webp,e104151af825f9c1219e1efc142f7f5d7778226d101552e3a73112a2ea76bfe2,46408
g30_protag_shonen_042.webp,8f310f3ce18204e0b4fd001ef060cd9fe23d50c225224d71163f1af001920861,45832
g30_protag_shonen_043.webp,2c537855cb6d521873db87b357e346cdbe33cef2ec8958cf99733db003223462,51582
g30_protag_shonen_044.webp,f9c5677571a821969767452b4258d8bb8fd56b9b370f9f0c2ddb037e9680d3bd,48786
g30_protag_shonen_045.webp,6d0cfb2dcfa314794598e137a0474a47a62881b3acf34fa491e502bfa010262e,51174
g30_protag_shonen_046.webp,0a53980029892a9562eec045fce01b637525192a6f1bbc075caa20e11d0f1f7c,38752
g30_protag_shonen_047.webp,b32a3a93d519ccafd8f5524dd764f42ff65ba538afe8dd8195ea41f89bfe2d86,37184
g30_protag_shonen_048.webp,3684a6ddd27e1e534349b9b66ae50403d03a72645b114b548c02def6b7fc9ae0,42122
g30_protag_shonen_049.webp,8736ce5f6b9cd81b94990137222f205ad43f45dde82787a706502bd090ab71d7,40882
g30_protag_shonen_050.webp,89a72c1e23977c33cad0ffcd55242353ac3e04c6b7034dcb4c30e12589f99b59,43206
g30_protag_shonen_051.webp,b3e8b8deede3742d74c6bdd5a8fc02c77c400f00e84a5b7aca60982ce014c97b,45842
g30_protag_shonen_052.webp,964a332867aa4d4408c0861c3a0fb919c1677f75ff5d8fd5b7d15b2102af9791,48298
g30_protag_shonen_053.webp,05036588a500bb531e229f5afb41d2053099ae9fc2440b37fb28c1ffc72139ca,46284
g30_protag_shonen_054.webp,8db64f08c9c71c60cbc79a7fe072f12023cf6dd1c5743df9c6587fd32e4e2e47,43202
g30_protag_shonen_055.webp,7d6305e30ff0f9e89d51c5fd19403db5a9cfc2ededa728227a17eb01f6bdb7db,49516
g30_protag_shonen_056.webp,bdd19b3c29dfc14c7b4d302edcf0abf4675ea7528bdb741b83ebd32f7e34e4e0,49662
g30_protag_shonen_057.webp,d1ae12147409ebbc31a5d7489bbfc2c6bd51b1d083e5be57456a5e419a0326d5,47998
g30_protag_shonen_058.webp,bd74a54c476b3830aebad129dea5029fa7f474390ec71ce58655ad71dcc66e58,53678
g30_protag_shonen_059.webp,bf08dc2b8745cc60b329a83796bc1c0c4a3d69740f0459fb42c5da87878b6e5e,46494
g30_protag_shonen_060.webp,c83354b501d44379c1887473b956088cfb7fd18786efac98042d0472651fbdac,51012
g30_protag_shonen_061.webp,c57e912f53ec7d97709c0284535a55502ff932e00b119f0b5f3b4a3ec3d72ba5,51880
g30_protag_shonen_062.webp,ed461cfc38bc0078db94943477236d8186d70d7b58e10d7331112fe6db79dfb9,44292
g30_protag_shonen_063.webp,a19a7fd2942573c20d0aed995f8b5a487701bed775112c49d975da9bb8967d61,49228
g30_protag_shonen_064.webp,1941b9ab6c13e115b3c74a24cfc131e22e3f8c4825d3bcc5811e90abd9b45b68,36546
g30_protag_shonen_065.webp,b40105c42757b7f9c98942efc0ffff78cd581f1615c7ae9d7dfcda68fb2174a7,44024
g30_secondary_shojo_001.webp,5203e74f8828e9160fda488f6dac67f4b3d1163d50384328c8ddd1d015484a6b,37518
g30_secondary_shojo_002.webp,51788cc21283372478eee4b31fae268729d5a8a850ebc7925182f96b0ff8129f,43778
g30_secondary_shojo_003.webp,1e7358f7ae0dcccaa169fb0b9cf22dbfeaa63846887820cb4abde7205e5bb165,33890
g30_secondary_shojo_004.webp,c45758796851ad38f8d1cfe5b52087dbfdcf9e3f1e3ab0cff4d41f032776fdd5,40436
g30_secondary_shojo_005.webp,b31ed6dedaafef57970045ad999345037a9c7e818f6090c94ea3cb39264c0ea1,38162
g30_secondary_shojo_006.webp,ad247adde662307ca46edc52d50d3e3e676f7c1c901b95399d4a740eb0017651,47176
g30_secondary_shojo_007.webp,2578fd3fa0e93bef21005bf6052c69a0c8023431cc0cbed57ff61606615e7e06,38784
g30_secondary_shojo_008.webp,f9ce911db7554dec26811f7acae6fa6e563286c2f60bf0a5be91b2f63e49a195,38212
g30_secondary_shojo_009.webp,81756d89f81ac223daa0e0cc149d93bbab4f3c818ed4507200ebdc6359cadcf6,38446
g30_secondary_shojo_010.webp,916f9912a9ee3f3f73e95cb09fe18ab1e34dbe28c843c742d557a54dddbc6bbf,33572
g30_secondary_shojo_011.webp,6f5d09edf82246f20b16e33a0ab4ae189200c5c5e77d4a256ee85d0e13218bf4,37070
g30_secondary_shojo_012.webp,475bed79d29880303726570b0ec21ce77c964d8bcdd027f03445352b71f7a99b,45510
g30_secondary_shojo_013.webp,9bbdec9c545144e35450b1531f52cd117243d0a47b1381bfb8926433f699d325,45652
g30_secondary_shojo_014.webp,3cfdede9d76eb42366db22e23d7df939ff86fa82fe9dc02cce97d99362806432,38250
g30_secondary_shojo_015.webp,98d98c3259877e163a869b6a7ddcbc6312203aafe025c47b8678a6fcc9545556,50298
g30_secondary_shojo_016.webp,fe59931cf4959c731bd88269a3c7d965913758fe27b4ef3a5a9b551af0a4cda9,42182
g30_secondary_shojo_017.webp,9c8c9e864a5749e5a680c89c93dc1a355d243b2c69809573ae797585e7af830b,42792
g30_secondary_shojo_018.webp,670577aadfa27d86ec5bfb3b146475b3b7604d09622992384d8a9405d99a4f1e,38052
g30_secondary_shojo_019.webp,2c08b3754f4a594a802422a0acff625b79f688dba6265d3bc825814c449a94dc,44436
g30_secondary_shojo_020.webp,63352c087d6c5f98248ce64ba9684ab9ca89299d7d233c09b336d425167a7dc5,39172
g30_secondary_shojo_021.webp,f6f82d11f44c68910999b323b2918dffbab6c57f37923aa2b474ad056649529e,35036
g30_secondary_shojo_022.webp,d546fb3fcf5d090762cf98704d32c1702d93db82aafffbb30993aca9f708d45d,37066
g30_secondary_shojo_023.webp,8ae65eaa21d99ec7b201567218d4f3bb87a9a240548685ac6564ff5a5164d299,41942
g30_secondary_shojo_024.webp,25fad2a748f0f97ab000b66a596e9ae62734f6e3f73519f84171e7cd93668688,45986
g30_secondary_shojo_025.webp,abbd94a26ab16d3cea4087ece1f018e73072c8da6ca0145e0e10085abd001978,43886
g30_secondary_shojo_026.webp,81a46cb932f868a637149f943001b6eea41a85576194d8da11875a3fc0f1a058,38542
g30_secondary_shojo_027.webp,32f24214f79b97754f3dfaa45ee46a9db1458f083429dc5044c80dfcc892302a,39354
g30_secondary_shojo_028.webp,a142399c555d02e4169996c1b1956910c5ef88e26436bca43c04c1ed5dd8be4b,36660
g30_secondary_shojo_029.webp,5074088b3e16466df72b7958d98569bba15f684cd8a91ddc57162ea309350c79,34804
g30_secondary_shojo_030.webp,2ec1b87025daa78f7ef0d61954d55d07befc27900bd74c8a839f283bef2eeef3,42838
g30_secondary_shojo_031.webp,d1506d3b01fc1766b1fbaeb4b4459cfa9ea51eecfb3514822acee7acd217c177,41830
g30_secondary_shojo_032.webp,aa3a275123fba38023f9a4ee7bb1f6d9ad8fdeb420cd782bf7f71218b7186be0,37600
g30_secondary_shojo_033.webp,d8e082dba8772b0657b1364b43549799c82f24b67b5b6cfccffeeb9054228135,42080
g30_secondary_shojo_034.webp,7e16663bd209d6eda18f2da3949e49cdf0664fe4087deceecb8a08c05c83d316,41096
g30_secondary_shojo_035.webp,ee9298a90018651db4810af4c412487b58cb6c555a8522949cd307ac1dbc6c50,40280
g30_secondary_shojo_036.webp,0b8b0f09a3c38f187747debe3a4615e04e291b208f6e155d8a75d039ca6d713a,41358
g30_secondary_shojo_037.webp,80eea6677eee864b8d9d41623db9c6f8c64d613a5ab107461c3dbdd2062c7e7f,44542
g30_secondary_shojo_038.webp,dbef4a3a0959a94c49c98308b5d146a4e48367e05fbc9901f3803d5a2d26b635,41712
g30_secondary_shojo_039.webp,32f4f6191eb21d86d19b2143e5fba22956805433ae9aaac9f95da9f86ccc8d15,37560
g30_secondary_shojo_040.webp,874d390e54ade38e5168046ac4d2bf01c8d793c44466b74ca2f05371532e0a95,41898
g30_secondary_shojo_041.webp,c1090d3d7cc3989ef0d87af732cf4c3074c7bf29f3c3be96f6dafef4032c4140,36334
g30_secondary_shojo_042.webp,b95de41f524fe8be5fc0ccfc705db47663f645dbae3103ed5a53c86b72bb3892,45220
g30_secondary_shojo_043.webp,efdf50e22695d43b98e062a4642c31e227bbfe4cf3aa35b496e9f998f71d5daa,40244
g30_secondary_shojo_044.webp,5d88c155849963f25331c94499df5e9832287b75985bae2c873abea3268d0bac,41594
g30_secondary_shojo_045.webp,7129131a438ef91bf8e19b8a590dac7608bcb5c66cce1f6545c6d29d84407d28,49268
g30_secondary_shojo_046.webp,a6e676a7771da1d7b11686f8ac5862182bcc71d619eb69d798cfc75249a79be9,45246
g30_secondary_shojo_047.webp,159f341d6dfd35d450d90295b069c5c0338bd7c3ab4346ff09dffbe73c22e3e4,39322
g30_secondary_shojo_048.webp,ea3484ee24459bb9a62c188daa8eafdfe0fbe7234c2f58a50890efba85d5f5fc,42584
g30_secondary_shojo_049.webp,8596195ca5e7ab898fb20cd2b510db7f92552d58bc8e6cd378907739e1a93a87,38126
g30_secondary_shojo_050.webp,f4e0f4f32e2022e8642a8d3201125f88a14dd5d0f56c5b6df80b3f1efb9cf5b7,38568
g30_secondary_shojo_051.webp,47faa37721f8b40fdd18ca5d20c9119e046d8302678ba26794ce68da05d7bf1a,45606
g30_secondary_shojo_052.webp,e849ef95d8edd06c6a3d5555438db3117a9dc32fd5fa99e10f76ab18cdbe53cd,42468
g30_secondary_shojo_053.webp,d00e88877a0d661094ec92382427ff019598090c64c7e683ab883200da94dd60,46500
g30_secondary_shojo_054.webp,bd100e067cd2a6856c630f466cdeef5f3bd2f01a8acf67de5376f50c347728db,48676
g30_secondary_shojo_055.webp,25611f59ce77b32bca8d49aeddd60e43b0ab203397ae9ff6d751a1370a8cc74b,44426
g30_secondary_shojo_056.webp,99eb958e7dfcafee25f0eb4b3bea62c95dfff88634863bc92262c6900603a5c6,37722
g30_secondary_shojo_057.webp,b6e4329d18c755ed6bb42a95fba0fe14b7e98a3170d91a0ef81deb3dd1e85430,46498
g30_secondary_shojo_058.webp,9e5bb2f0f4342c70feb192443d5a11bcfb18722f218b84373218bc4bc2be34a0,43444
g30_secondary_shojo_059.webp,b958f9ee86cb4c994e4a9e7cb4945d567a24894d540f3a8b7572d55737600832,38116
g30_secondary_shojo_060.webp,d509d29be96211d42616a2b63a10f137e520071720d2183928bec496f2dffc59,44832
g30_secondary_shojo_061.webp,1c5b1b4fc20548aa5e0801d827cba21984166cb29b944eaf96f2e09e636e6ab2,42510
g30_secondary_shojo_062.webp,82a362fcb97e17c856f921c59306dd1f811312c793a240bdf50ff0c1e28dabdc,38960
g30_secondary_shojo_063.webp,53a66975ab5aca97efe551e4f4d24aa050a81b264971e8eb1cba5eaa4be3f6d3,44776
g30_secondary_shojo_064.webp,2e254c95c9b0dc7ff4680102c89282465cd2fb8730982dc9a6e67a60b87e475e,31146
g30_secondary_shojo_065.webp,d0c7dae7d1ac4fa8c897c22baf9d066ea15c97bb3338d92a4956dc82147464df,35468
g30_secondary_shonen_001.webp,465e538eb093cff632559ed5fa365a0de7342a9541760bf366e9a2bdd46efd2d,46352
g30_secondary_shonen_002.webp,9dd4c492e68bafce6fb5c9ace40c8879d0a4b678353d25e660a353cc8ff0be69,52390
g30_secondary_shonen_003.webp,7e1c612a50dffc2952f315d85d34966cf8d6fd0efe47b4dafcdd643736deb55e,35948
g30_secondary_shonen_004.webp,7ecc95e853fe4d07f4f253bb3bbd0c7711f5a36173d370bbd9f89e9803c90a80,47374
g30_secondary_shonen_005.webp,f25e98dfdda0f7454ba9853336cde237287072515b8bca305198b1927a14e6d0,48048
g30_secondary_shonen_006.webp,6e3665cd9995f5f69e0513cd1e4aa25d8a7cb3aee183febacf0ecc835aefc4d3,45838
g30_secondary_shonen_007.webp,597b931be846a5fc623380821a53b74466ced3b3b100cd0a0bd328c5ef7e805c,50052
g30_secondary_shonen_008.webp,b999f19e89d05dedbbee6dfb6e445a579fd686e74b524e5acaa8f1e620b60895,50716
g30_secondary_shonen_009.webp,db47a876726758e5d28ca1a3e4582c52c40f2a5d1f8274e7298b80e77e76ce38,38788
g30_secondary_shonen_010.webp,c9cad0cbe866574494a9427d14f82db3d327422a10f1ef73c468b9b0be8d47dc,38162
g30_secondary_shonen_011.webp,f77127c12e93181e2e3c9e0d6c5426b6f45a0c28b831c87b10c52e5187f5f50e,44058
g30_secondary_shonen_012.webp,3182a26644cb4dc86fe5c1984bda670ffc16465f62caba66223a76c0eb3e165f,39098
g30_secondary_shonen_013.webp,336c1e6c71e32f00de5c033403aa0ba414f4ac3065fc4b2b6f50dfed99c34603,39452
g30_secondary_shonen_014.webp,54ced598f75472328cdd62960ba678c1d0acf1ada2c1e26ffec5bf48c1696de9,43330
g30_secondary_shonen_015.webp,6054c9f925a3dc8fedeba34898710743272256e7354e470522b359f494277876,44778
g30_secondary_shonen_016.webp,e677ffbb1ba5d65ce81dce047d6c60dec53d6e2226fc947ec34c316c95bb2f0c,48382
g30_secondary_shonen_017.webp,75aa279d4551ee30c51dcc99e65d618f2ef7bb2a77703e2e8ad05ccf26bfbd24,48312
g30_secondary_shonen_018.webp,b4a592cddf79ae4c86bc9881564b85b9b033b0970350815eea73947bbbf96242,42274
g30_secondary_shonen_019.webp,4e4570dade7e514d467fc7a79c374b75ec2449b7d995b4d5a964b67a3e3aaf34,52836
g30_secondary_shonen_020.webp,9fbc086f1fd14652b5bcb0970b15bee0af474d3830210c76781a100fc5fcf342,50092
g30_secondary_shonen_021.webp,299894071fd40450a3b352dde35c5d98f5d0b7ee3fd280a6c700d83c673fefe9,46298
g30_secondary_shonen_022.webp,6722e612c78c0683eaf45861322d1f9eff1b8a6033490cdb08b23139270bd0b9,46644
g30_secondary_shonen_023.webp,928192050d2bd3847f8e9277ca7e8326e9016829427bef569a119f72dc8ce1e6,50950
g30_secondary_shonen_024.webp,4aa33958319a25e540c3a4c54360e7ca4d5f66a4b93e4492802277aee55c1e7f,48448
g30_secondary_shonen_025.webp,6720565262c96301ba545bdacc139457df4aa8c03d50bb07ddd5e1cbaf3c6ed1,53772
g30_secondary_shonen_026.webp,caaa6ef5cc073138d3e1d41d91576ae775ec27da402c462b925efb82501e48f9,57966
g30_secondary_shonen_027.webp,9a3866aedc68337fcbdde20d0e6cba910e37789a6b42586eb340e90b40222d0d,50284
g30_secondary_shonen_028.webp,63c890cf82c8995ba9a182200fe06c1a3469dab5cad5d389c312000b64120a1c,47654
g30_secondary_shonen_029.webp,517636ec1b653dcc00160993f22a3f3d3cfcddce7ea61eb28499c68d8a6c0a1f,51272
g30_secondary_shonen_030.webp,8347039a6c75d7801fcec2166095080618550faad70a2aea3f025f019dc9e9f3,50488
g30_secondary_shonen_031.webp,79ecd883140c3bb7546a8934bdbaa7ddd30c1b74505e1d090025de73197732ec,46094
g30_secondary_shonen_032.webp,a6011b621fff2a5f4d21467e92bdc0cd6afd52ae88205fc7ca3b6fdb959ae130,44488
g30_secondary_shonen_033.webp,9d257df05bbf80f09874b76bdf2ff6965a0ed3f9233d212eeb301e5f1bbf49bd,40490
g30_secondary_shonen_034.webp,837b1c1fb30610b67652d48450ed48d7833a288093315f3130f1a82932b074a4,49922
g30_secondary_shonen_035.webp,e64efde28e1e17b1fe6c0ce95065179557887941831ad76a803cbc0f1bc6a040,47542
g30_secondary_shonen_036.webp,ea6e68fa54f2d751f8bd3ee9e6d662d2dc647efb0d09c15d3771b37909993582,35774
g30_secondary_shonen_037.webp,2c93f4e0e230e9084904549b754d3a95083b04d4301a5a4c2f7233b7e2d4e30d,49156
g30_secondary_shonen_038.webp,c5ad812b2d678d87675e2fec288e46a80ce85d79401d1ac432fc8a50abd0663d,49992
g30_secondary_shonen_039.webp,65008ae30dce832b225f0adef365ade86431f59e189cc79167690a982dc725b4,43588
g30_secondary_shonen_040.webp,cad5ac45f62a47ee89a8b8588a17480e52181753e01867a937851a036729d69a,47840
g30_secondary_shonen_041.webp,1447f14ea4ac19c17a7c56fb972e92be23de5d30bb409d64c28a749ca577cede,47024
g30_secondary_shonen_042.webp,55261d757cc1f8ab3f3adc56b6e2d8817a2606b9d73f9c8b64e445e0099d8e75,42784
g30_secondary_shonen_043.webp,39eab64799006f690dcbe732e1554c481ba013b4f7365b9bcd3d7cae10cff0b7,47336
g30_secondary_shonen_044.webp,15d3efa65c75b94af1748ecd2177a0f074938a9b3aba31e130404ba9c52b6d87,50054
g30_secondary_shonen_045.webp,88a969a0e36b345c4ea5e0bb1519178d15268ee0282bc905a58ffe20d8491cd5,47714
g30_secondary_shonen_046.webp,d919fc5f8437e09fe3c5fadd4b1cbe231be0e93fd590d5cf92bfdd31eb66d2f9,46852
g30_secondary_shonen_047.webp,b95dd11e3f562d6e77478372d32607128fdd75ccc4bf5eab614cc50b718785fc,42090
g30_secondary_shonen_048.webp,0132f00351ad51a586c109862710726ae008797a9e5be507ad89e279b0332f09,41650
g30_secondary_shonen_049.webp,97eabe153c72c22117852031da4f122ee8514a7ee94ec63ed58e78158045b636,37638
g30_secondary_shonen_050.webp,de6a4b884203d3a0c8b65d7f18ec810d3b0195be275acc711ae76114d171525f,45830
g30_secondary_shonen_051.webp,150317129ea69109d3fb4e0856b7f59ad6361743119dfd689317e17b4635c521,47694
g30_secondary_shonen_052.webp,d8fdcf6bee8c718517b8c9942a670fc1af0e0664ba7e2cdd4d6dc0310066e8cf,45340
g30_secondary_shonen_053.webp,6071d44e711b229ed2d66e802e2a67d3a1aaa4cabe2c38071ee13408476f7fc8,51642
g30_secondary_shonen_054.webp,b6ff7dec88de6693a6f5ab7140ff1d2ace9ec7c01b0ceca2937eeb45968250c1,42492
g30_secondary_shonen_055.webp,192847914255d691beaa8323020c19c85219b53512701e789e1a362f20599912,42426
g30_secondary_shonen_056.webp,d0b1ddd8f5f721b5455b983d8c31c3b71308a5daa291e94e4a443bd9386b2296,51576
g30_secondary_shonen_057.webp,d395edf16fe0e7b10175cce889b0cd45bfdba9faae7f53f5f2901208726c476f,48088
g30_secondary_shonen_058.webp,4611ba5bdff7b27a38e8db8d31a451d86e9c8535e05cdb610235a740092be357,51968
g30_secondary_shonen_059.webp,5a2c5f5135bd87439d3c7a045b9f6dba0d78bcb30e05b7654aa1a6232930b0d0,47088
g30_secondary_shonen_060.webp,013226fb9d3e056a4300b8242b74e0e0cdd267998f709c17a612c5bb0b579fe0,47568
g30_secondary_shonen_061.webp,8b8616632cb539b96e66ce235320b32efb2a4559ba159a63f35b1f3f639765d2,45194
g30_secondary_shonen_062.webp,89b064db70c430976fc2b5fe308507c7d1ce5a65198ba2f62107f8c1febc08b7,45764
g30_secondary_shonen_063.webp,34c24b44b5b33ca1285cf355cfb3c36482b1b0c91135ecc5eb292541aa988449,40588
g30_secondary_shonen_064.webp,bc441ddf1520ade4953feba1cddb71ef9efb9db0472ae110eba075170be6780c,39672
g30_secondary_shonen_065.webp,cbc57f7a27d2712c09b56d1cf005d2716587354a64bbb69557a77831b123e78d,44444
g30_villain_shojo_001.webp,1f04ae5b868dcc4e44067f287aa62b20ebd6dc5ccdb1dbda8d48c4eb8cb5023f,33348
g30_villain_shojo_002.webp,451842076a3e362dba1937d9c6b0fc0c4fe116c4e6bddd27bdf872a7b9526262,46048
g30_villain_shojo_003.webp,968fd06734b2a99ac05b47282cedc974577d73773eeca261b363f034d61ca141,34846
g30_villain_shojo_004.webp,ff41fe10de03a81e9a6032d136d8594643b6e73891e2b4836fe7ca8b9cccc7ae,41638
g30_villain_shojo_005.webp,134dbdc361fbf8de919705976654840fd6cdfcfea77c959b3f08fd7b68c4447d,40118
g30_villain_shojo_006.webp,28a8bf49d7f3699effbd6a9da9c4dc50128daeb1a28fc26f140d8cb1c62b4dd9,48332
g30_villain_shojo_007.webp,17a924836b6d5f3da7d3eafab422f3d30f28d24f9714da0e232be0ae8efa5870,46626
g30_villain_shojo_008.webp,085aa1a090d740a56831dea06562e5227f848c6124fd38068abde9a78ff2abe8,46750
g30_villain_shojo_009.webp,09c46b79dbe5f2346fd62b61dd143e779842f817e20bc5835d7c14828edda83c,42696
g30_villain_shojo_010.webp,bb6c2a81b96ac452e25fd5c0563dced0d05945498f04f45dcec5503f7a1daeab,42390
g30_villain_shojo_011.webp,705583a87d9e6656aad29375b4ddfb611a4d91ba617458ddf63383c19622e1ac,54240
g30_villain_shojo_012.webp,e55d482ee51d59004055dbef0f5e00e8f350eaccd659129955b8009b49537331,43026
g30_villain_shojo_013.webp,4aa7f5cd1bfc4a841c99bc882938c2f53e63fc5fb303cfa25c714af925c3d23b,42480
g30_villain_shojo_014.webp,226cd7f987dd2ddb14e26ee8b980bc427fd575618b58198235847473f524ff4a,49112
g30_villain_shojo_015.webp,45b1fa3194206176dc911a9865882afacbed7652d878a3bcc56f690456524e0c,45854
g30_villain_shojo_016.webp,8010c8f84bf32b84fbc1b99e4cc9fe98b62d427d997105c35df339c77f312c98,48078
g30_villain_shojo_017.webp,e4c824a97329ae991636ee58dd9d6d71aa00922e4e68dc9a5f5905afa9199163,48750
g30_villain_shojo_018.webp,84c27d566f02a9d10ace4f854d286c72545c39d5ad15155c43ff2f5c5b843fcf,46022
g30_villain_shojo_019.webp,7c3590491ab3d335f0fc897a7a6e32e35e17aabf4cb44c3490ecd0d7d93ebb2c,48458
g30_villain_shojo_020.webp,37c7ef00ebc7a7ef92b1d99950ca70a4cc738ac1f7fbf394b8c6e42b6726c0e4,47794
g30_villain_shojo_021.webp,935c70517f2826402c1543ce635f11d86eca5d11296fd808eeaaa0524f67713b,36748
g30_villain_shojo_022.webp,85314bd5268e089a7a556141b7eced065b9efafb279f7c16415b6c7f661806b2,51024
g30_villain_shojo_023.webp,99c74338665ea64754e8325a89e2101f779b0ca09c8794e2ba87c32269644d8a,49614
g30_villain_shojo_024.webp,532aae4c329bf99748b0920a174cbbf43de2701924e0ba2784a63f3438356ff9,48126
g30_villain_shojo_025.webp,8dbb35563fafa1b57be916b065a84e111acd353119d5efa32d9c612eaba64521,46080
g30_villain_shojo_026.webp,83d726d374630badf596bba3005bee1273861635387aea4acd6f7fd85773a444,50606
g30_villain_shojo_027.webp,8f258e179c5591f784481423e31261e5d6a64ae0ca3a676d85de85526df8cb74,45364
g30_villain_shojo_028.webp,5fecea8f2d1c85aa2c383ec6c0a93ea718834747df9c193136866de9740ebfa3,36708
g30_villain_shojo_029.webp,139633187c9a13fee8934f677ee72b62a7b6a19f324520d0c639da83a47795f3,45802
g30_villain_shojo_030.webp,603e0f880fd2fc7749f3f971bfcbc6132c63459964c145f022cc994c2ac7d313,46340
g30_villain_shojo_031.webp,909033ae0e0b98d3be791066f5a564c969155a8dd514bc054f6cb96d9eeb31b5,35078
g30_villain_shojo_032.webp,fef4110087ee4301e61c394b16d462a6b670fd54df8e3039ae5613c8d590adce,48916
g30_villain_shojo_033.webp,64930afbfaf4e6675f0e848f0bb43604b1186a032110fbe1350db09500194a41,44200
g30_villain_shojo_034.webp,11b5507d2fb05809b234510545212ae8f0ced83c9db680420880e06bfe38da6b,49740
g30_villain_shojo_035.webp,94e84341c3bf3c50c08668c7354ace5435a9705809f59a31c448c1ef280c3a55,43892
g30_villain_shojo_036.webp,0aa0f5119fbf9332c9ab769374b04b62802590a1675d56bada83376aa30fa7e7,37558
g30_villain_shojo_037.webp,b3fb6ab756bf9b3481ca8b893e3f142939acace1f86b35dc42cc0f23f4ba2313,39796
g30_villain_shojo_038.webp,d0166bb1fdb7b4664655421ba4c5bd472a80f584de46d4d5d0141e3bc6855558,41606
g30_villain_shojo_039.webp,0d361e2196857dc8e8544652edf901c8529626f32d661edc0adf8b7c943afdf9,42218
g30_villain_shojo_040.webp,45e94250eabb5194258ee650b78cb16c6e4de67debd94b4b00e46f8505bde833,38054
g30_villain_shojo_041.webp,b9866c5039adb58b5d335e55607a280e8487000f599cff7d6d791d5f25aa3309,39678
g30_villain_shojo_042.webp,224a76b12050c3ae1b33b646154c219d0ee35d223076d080feac286f5fb3dc33,38134
g30_villain_shojo_043.webp,341df1084edec383114230d3fec7b4e373aac2acc7e2f987c4b4de05098b58cf,35102
g30_villain_shojo_044.webp,167b04dcdc1b0e255e478054f38b84eaf3632c5dfccd48ae499e7eb8df625f67,44068
g30_villain_shojo_045.webp,b19cd52d972d55fcc1f73b8e990440341516cf916b680a06eea296efd92754e5,41338
g30_villain_shojo_046.webp,e9200962fa1fe9c41fc5541f67578f739273875ba31474011a7abaa7ab0cba18,54666
g30_villain_shojo_047.webp,562d21672b85754f462eb4cfd3cf1186df3fadecc89407761123cd8911c20be1,47146
g30_villain_shojo_048.webp,2a7c1f60361e773af56800caa5b21bf843311aa27204f3ae87b9b4c07fcb4906,48254
g30_villain_shojo_049.webp,79824221df8d05a784bd8289f1bbfdcce90d89aee54c04d7e26235d9bf46ea52,36104
g30_villain_shojo_050.webp,51f44d9cc226058eee8f29a7cf2183b1a20091f3aa41d081782eb195d8346f95,43132
g30_villain_shojo_051.webp,dc9d5b627272f6626eac72a3f937c8e3ce9baffbf9582e47097fe3483e457e2a,38972
g30_villain_shojo_052.webp,8100d4c4882327ff80d27175cd3d06261baf5b0383e59577baf697e51faacbb4,50724
g30_villain_shojo_053.webp,5666c968c1efecdd1213fb6781378d8d25ebd4ededc9eb25e6b399bf28a7d197,53054
g30_villain_shojo_054.webp,885603c0bbd6609b044676fd9a518b217f492131771dfa8105ba316733d31653,45920
g30_villain_shojo_055.webp,fdc45f91ef483b1b8058ea5fbe3de6bb3f8562cfbd9d83875f0e28f1198f51e5,41646
g30_villain_shojo_056.webp,8670b43bab35014bd0613cc0fc1a14b8a128e56f4f18df1d21ba5f2cb7a5fc2c,45008
g30_villain_shojo_057.webp,999641fb94667fd18ab342d97630ba997a70b88f50d9c6c16f182a0c100de82e,44866
g30_villain_shojo_058.webp,77c4dbe04841f868a8b993c69b3cf5bd158b9099bfca6a167d70da1f1ef5a1d8,44420
g30_villain_shojo_059.webp,439014c7ac0fa4bdec1324561f46d6f92086a3407015bc302e58ed1b81e75894,44508
g30_villain_shojo_060.webp,fdf56d9e251a98a03d59d382e58d454a89face0a38a45a02cb2ef9b275c10e62,39868
g30_villain_shojo_061.webp,3da6f7e0f0fd50075c37f57f07d4c05d69788bf53363ed8cc0d598017557f2a1,42042
g30_villain_shojo_062.webp,2b2da8a4bc62c05b6713afe41237e6e02d7a5efb919c036282e7f704fe2cc2da,46784
g30_villain_shojo_063.webp,3dc71292eb9d4aa73872bf22926f68cd10c837aab1bad72f6fb4f38ba4f5aa9d,43472
g30_villain_shojo_064.webp,b412e74312348c2c9f2914600e04dae6aa6a404fb26f53be584f9fa934fb1ae7,37916
g30_villain_shojo_065.webp,e81b38a3037dc2f09196e320754257549c9645a8a1ada741bbf7ea06a8f3db83,44942
g30_villain_shonen_001.webp,5d0841a7d653442c560d10f18513d89a264df536617e19c654fccedfd89fca8f,35142
g30_villain_shonen_002.webp,6f46de797780151ede773be1d162a8e7b761a401cdc3cae20eaeba2be157e4d1,44212
g30_villain_shonen_003.webp,7cedaa72143aa09edfa78f77fe03f993eb60b0230639b08464789bbaf8e377a2,36374
g30_villain_shonen_004.webp,bc153dba772cb178475889c69e54f7d2d9901689aa67ade15f3356ab50f714ca,43574
g30_villain_shonen_005.webp,bad30491a2e5b12d0d000118bf1f7d795564dd4687647446df460b39965bdd7e,40174
g30_villain_shonen_006.webp,7c448d57afd1a5b4f94e1d047b2c57eff25f712ec3fea958d07e899617ed0c8c,47154
g30_villain_shonen_007.webp,f9c9a619a396cc38ad48d3eeeab49e5616c578c107484c3d0c696fd40b452195,42886
g30_villain_shonen_008.webp,3e3a37289f3ac2261b7d437016283add719d185b6bbc1862102a4dfe146f9595,45152
g30_villain_shonen_009.webp,8bce166a4026a0f3bd58f5ec87e8c67a13ba87ca3a0d513beddcdbbbba95d402,34330
g30_villain_shonen_010.webp,14063317453f3a00f6e6ad1d34d2b55f1b6bbde1e78732b7e634e54e646ee0ef,34874
g30_villain_shonen_011.webp,976d5d14781f3e88ba619937e8d73ddba83426708bc1e360508f0e30f2d9e998,39150
g30_villain_shonen_012.webp,8e2f350f5523906c40cf3e85812c509aadf22b7e3439579ea4140bd08bcc316b,48604
g30_villain_shonen_013.webp,94c0d5a78428895b447ee03a63fe6993adff9db790fedd12b0abae00ae81365a,41380
g30_villain_shonen_014.webp,cab4f7abac1f231bdb31c092a76aaf74df3edf87136b8f5898a9e41761e54a46,46302
g30_villain_shonen_015.webp,0e7188030e76cd5e7004ce622005e4547c36c34a41da37ef6c6ffdd0fdb6eca2,47510
g30_villain_shonen_016.webp,40afa942b9ca9781febb224560c2272e4a2fe284edc36369a84abcdaab881226,46266
g30_villain_shonen_017.webp,7427ad05478c8b0aab10fe6304436920d1ddd93c1ad320a509174c00533c7203,43342
g30_villain_shonen_018.webp,0c9e950aca4d94c781cba3a1d11c4904e75744b09d9db6b54149ba488471bc8d,43254
g30_villain_shonen_019.webp,82364c64e73291ae8015e60fa6c32513a565bb6fc499c91d238cfe07ed17ae2a,41270
g30_villain_shonen_020.webp,ae977b6470cc7a918a74f01531e91067888c58b604c73d1672f2a447da98d710,43100
g30_villain_shonen_021.webp,3c136e40779a71e396e3969ffc462c352dca59125300c85c4c25c3b79a74ee84,38474
g30_villain_shonen_022.webp,8312750eb7bb4a96c6e4090f4853271a3f9dc87ec0ded1ff24f333c9726392e3,47486
g30_villain_shonen_023.webp,eeccf9ce345076ae72f062dff7388539b67c215702c40cdaa3b9df6f683ae77a,43024
g30_villain_shonen_024.webp,76a341aa42266c636b0932efdbb39d9dfe57de1a6abe88ac933f528b3a94b5f8,54936
g30_villain_shonen_025.webp,5e8eb4a93cbd9edb0a97b15c3a0c86d1c62b35824a0fbcbd5bb744ba7d07fd0c,49132
g30_villain_shonen_026.webp,3c8bd574a05a750517f460d11da406be79e4cb4830f2d398a5c2707c0789ce78,42334
g30_villain_shonen_027.webp,3bed3d6332e6196abf38aa3f42faa8e6ce4faf6a8626b18d3061e267d994d549,42678
g30_villain_shonen_028.webp,dfba416dfb973197e5d8c9d4f1c8d4c45df6427c691d9c766c1c725ac4dc37fe,42238
g30_villain_shonen_029.webp,b57ecf307889dbce2a9c375055def0cab5f608162ff95422f5c1fa1b01a36f94,44770
g30_villain_shonen_030.webp,1a396b41d910c626de4f2120aa1a9277b517c774ba8bfacafb4bea9e57c27a26,46244
g30_villain_shonen_031.webp,afc9e075d43d5c6e7b72134c23f6f6ad57eb45b2e6425f933b9304c3a4eb801a,46490
g30_villain_shonen_032.webp,f78e1e0838c3f11c75ad63106ae91916142c2ddc0779ddeb2cb2ae86df3ca7d4,54918
g30_villain_shonen_033.webp,88710d0d9cd03f337736c252e1c4a9299352f6a4fb8078b3dcf4588f2489c032,51980
g30_villain_shonen_034.webp,098d2d8094b68e785bff243ff018934a2ed6a05d0bf7e32149d28af41ff7badb,67284
g30_villain_shonen_035.webp,3caaac28cfa34011e9a979498ea45aeb70170e915f399b927b4cc99aac4a2db4,46144
g30_villain_shonen_036.webp,87514b869c7e520021fd6f38c75287a603971b14a2e4957667808d80dbee6a7e,53106
g30_villain_shonen_037.webp,2b6d0f2e72428118eb132f74e5d7b8e242db56f3c871a06a0eca852a02df7f89,59944
g30_villain_shonen_038.webp,7e1efa17d9ca10e9c15bf4e507864161e7d08b161fbd0c3ed262a2511778ebf1,53432
g30_villain_shonen_039.webp,84076b60690d6d67a93cf360f33f2046e67d4a9b46cf863e6078b31331af00da,54328
g30_villain_shonen_040.webp,06881d297b512a3c5648ae36ce60ff6d22ab9fc439a469697f08f2819250e07d,56976
g30_villain_shonen_041.webp,8436307f2852d4984331ef1e4f1334f6241bf298f154eda28000e274fb0399b3,44816
g30_villain_shonen_042.webp,f5527d4587d59d7fa4abe42b02854b335fa039525dfbe3b4503ef5750b521443,52322
g30_villain_shonen_043.webp,0a0953c69ef01b4974e7167e81b959e998aa8969b0696cc842dc1e9befe241a9,42508
g30_villain_shonen_044.webp,739269b81c5b38aa9afe44f33577d605824f7daad5ff188b6340008540681205,47310
g30_villain_shonen_045.webp,41bdfaf39ede50a342f49894a78ab81f993d56f8c1f07ae53e542478287fde93,42682
g30_villain_shonen_046.webp,1ae04f2accd0c3ce1c80249bf6207ca4b930dcc67b1064597ee0c70f26f473a0,54354
g30_villain_shonen_047.webp,41dfed08f6d4840b0997f31877a2e1b35e1891d94c11becf9051b0b5e016e16a,36256
g30_villain_shonen_048.webp,fd85907a87fe0b958315d6b45a62519c18ecb1c76d0ab53b011c27f976fdfac0,41100
g30_villain_shonen_049.webp,e9806b22f25640f19f0f0239798e3ec56e31178ea91d6f1e6f79c1c10509c2c9,31266
g30_villain_shonen_050.webp,955ee43590640b14690a9ed5f4b111625e9dd819ebaa878bd21c0da5a0b74510,42372
g30_villain_shonen_051.webp,790ef6ceb874565b989db1435298f533a164114a3869aa29d2f8a313ceaeb6e8,47270
g30_villain_shonen_052.webp,d98af5d1ca760760a1560299966c34956e98e84a60656145236cb812f960e769,49062
g30_villain_shonen_053.webp,6df064d858cabd9244df03f6def84f79f229475f01430e83c8d72d49e5723153,47530
g30_villain_shonen_054.webp,8ee142a3d05b5e7e6c85db116532acf2f20b3ca68ddcd255dff885de39e06893,39400
g30_villain_shonen_055.webp,2de5dc13e7476e8cfd529666efaeece1e41171b4857a4e01d51a56c4a588779e,44730
g30_villain_shonen_056.webp,9ec074619dd0df64ebef5cc844ab868d730c46bab3b939c813f273075ba4dc75,45418
g30_villain_shonen_057.webp,07243a2f846ac0012feaf34964c83d8fe99658373f320244837229030f5b6b99,51402
g30_villain_shonen_058.webp,6aecec03c21f9f384ede20e2b5b5caf5745543806c4e725d8564de368875d595,49920
g30_villain_shonen_059.webp,5effb20b4f436e9c63a20f1fe4a0a6d901c440d0f2b97e44e97bc9a54d238551,46604
g30_villain_shonen_060.webp,cbe61e13dd45d02c47c8b955772afb8fa402cda68178a1fd1235dfdf142e42b8,50788
g30_villain_shonen_061.webp,f5b2ea405988f54037fea1be2feae4c3ec2b024c8986a4d58244db73e065eeec,45720
g30_villain_shonen_062.webp,c5647d94e23cd595bd80b11adb21e09607551105722196767253c63b37817ed1,39888
g30_villain_shonen_063.webp,6bb25a02368b9a0ff687664af39b271dc1f7d09f44c7f98c8cba60771e1d850f,46724
g30_villain_shonen_064.webp,3f8527b8285e9178e2e56e46d9cbd70c11a1a788d22a879671444cc9be7aea86,37180
g30_villain_shonen_065.webp,50d9a87523e271b99f44186e2b32bec939b85dd52272251620c493e63fd2e43c,42396
